Municipio;Populacao_2010;Populacao_2022;Crescimento_Populacional
Manaus;1802014.0;2063689.0;261675.0
Brasília;2572159.0;2817381.0;245222.0
São Paulo;11253503.0;11451999.0;198496.0
Sorocaba;586816.0;723682.0;136866.0
Goiânia;1301912.0;1437366.0;135454.0
Boa Vista;290534.0;419863.0;129329.0
Florianópolis;421240.0;537211.0;115971.0
Parauapebas;153908.0;267836.0;113928.0
Campo Grande;805307.0;915973.0;110666.0
João Pessoa;723515.0;833932.0;110417.0
Uberlândia;604013.0;713224.0;109211.0
Serra;417330.0;520653.0;103323.0
Joinville;515288.0;616317.0;101029.0
Cuiabá;553202.0;650877.0;97675.0
Ribeirão Preto;604682.0;698642.0;93960.0
Petrolina;293962.0;386791.0;92829.0
Praia Grande;269313.0;358205.0;88892.0
Palhoça;137334.0;222598.0;85264.0
Sinop;113099.0;196312.0;83213.0
São José de Ribamar;161937.0;244579.0;82642.0
Itajaí;183373.0;264054.0;80681.0
Palmas;271220.0;350939.0;79719.0
Barueri;240749.0;316473.0;75724.0
Cotia;201150.0;274413.0;73263.0
Jundiaí;370126.0;443221.0;73095.0
Santo André;678976.0;751541.0;72565.0
São José do Rio Preto;408258.0;480393.0;72135.0
Aparecida de Goiânia;455735.0;527796.0;72061.0
Chapecó;183548.0;254785.0;71237.0
Senador Canedo;84433.0;155635.0;71202.0
Maricá;127397.0;197277.0;69880.0
Guarulhos;1221979.0;1291771.0;69792.0
Cascavel;352074.0;420771.0;68697.0
Valparaíso de Goiás;131105.0;198861.0;67756.0
Fazenda Rio Grande;81675.0;148873.0;67198.0
São José dos Campos;629921.0;697054.0;67133.0
Águas Lindas de Goiás;159386.0;225693.0;66307.0
São José dos Pinhais;264210.0;329628.0;65418.0
Vitória da Conquista;306014.0;370879.0;64865.0
Anápolis;334623.0;398869.0;64246.0
Mogi das Cruzes;387779.0;451505.0;63726.0
Caruaru;314912.0;378048.0;63136.0
Osasco;666740.0;728615.0;61875.0
São José;209804.0;270299.0;60495.0
Feira de Santana;556588.0;616272.0;59684.0
Piracicaba;364571.0;423323.0;58752.0
Camaçari;242970.0;300372.0;57402.0
Campinas;1081862.0;1139047.0;57185.0
Maringá;355432.0;409657.0;54225.0
Indaiatuba;201619.0;255748.0;54129.0
Vila Velha;414586.0;467722.0;53136.0
Blumenau;308943.0;361261.0;52318.0
Santarém;279805.0;331942.0;52137.0
Montes Claros;362148.0;414240.0;52092.0
Teresina;814230.0;866300.0;52070.0
Rio das Ostras;105680.0;156491.0;50811.0
Canaã dos Carajás;26716.0;77079.0;50363.0
Londrina;506447.0;555965.0;49518.0
Rondonópolis;195586.0;244911.0;49325.0
Rio Verde;176424.0;225696.0;49272.0
Parnamirim;223102.0;271328.0;48226.0
Dourados;195495.0;243367.0;47872.0
Luís Eduardo Magalhães;60105.0;107909.0;47804.0
Várzea Grande;256697.0;304495.0;47798.0
Itaquaquecetuba;321770.0;369275.0;47505.0
Ponta Grossa;311601.0;358371.0;46770.0
Santana de Parnaíba;108813.0;154105.0;45292.0
São Bernardo do Campo;765463.0;810729.0;45266.0
Suzano;262480.0;307429.0;44949.0
Macapá;398204.0;442933.0;44729.0
Sorriso;66354.0;110635.0;44281.0
Hortolândia;192692.0;236641.0;43949.0
Uberaba;295988.0;337836.0;41848.0
Porto Seguro;126581.0;168326.0;41745.0
Paulista;312306.0;354001.0;41695.0
Trindade;131638.0;172752.0;41114.0
Camboriú;62361.0;103074.0;40713.0
Sumaré;239562.0;279545.0;39983.0
Paço do Lumiar;105695.0;145643.0;39948.0
Lauro de Freitas;163449.0;203331.0;39882.0
Macaé;206753.0;246391.0;39638.0
Juazeiro;198241.0;237821.0;39580.0
Jaraguá do Sul;143132.0;182660.0;39528.0
São Gonçalo do Amarante;131355.0;169981.0;38626.0
Lucas do Rio Verde;45571.0;83798.0;38227.0
Goianira;34058.0;71916.0;37858.0
Extremoz;24569.0;61635.0;37066.0
Caucaia;319637.0;355679.0;36042.0
Juazeiro do Norte;250095.0;286120.0;36025.0
Cabo Frio;186264.0;222161.0;35897.0
Brusque;105503.0;141385.0;35882.0
Cidade Ocidental;55915.0;91767.0;35852.0
Sarandi;105777.0;141306.0;35529.0
Bauru;343937.0;379146.0;35209.0
Campina Grande;384737.0;419379.0;34642.0
Luziânia;174530.0;209129.0;34599.0
Caraguatatuba;100840.0;134873.0;34033.0
Franca;318640.0;352536.0;33896.0
Araraquara;208662.0;242228.0;33566.0
Primavera do Leste;52051.0;85146.0;33095.0
Ribeirão das Neves;296736.0;329794.0;33058.0
São Carlos;232241.0;265139.0;32898.0
Marabá;233669.0;266533.0;32864.0
Betim;379138.0;411846.0;32708.0
Toledo;125077.0;157684.0;32607.0
Araucária;119123.0;151666.0;32543.0
Taubaté;278686.0;310739.0;32053.0
Atibaia;126603.0;158647.0;32044.0
Porto Velho;428527.0;460434.0;31907.0
Nova Serrana;73699.0;105552.0;31853.0
Aracaju;571149.0;602757.0;31608.0
Itapevi;200769.0;232297.0;31528.0
Nossa Senhora do Socorro;160827.0;192330.0;31503.0
Balneário Camboriú;108089.0;139155.0;31066.0
Nova Lima;80998.0;111697.0;30699.0
Itaitinga;34102.0;64650.0;30548.0
Três Lagoas;101786.0;132152.0;30366.0
Itapema;45797.0;75940.0;30143.0
Bragança Paulista;146744.0;176811.0;30067.0
Foz do Iguaçu;256088.0;285415.0;29327.0
Jacareí;211214.0;240275.0;29061.0
Taboão da Serra;244528.0;273542.0;29014.0
Salto;105516.0;134319.0;28803.0
Cajamar;64114.0;92689.0;28575.0
Paulínia;82146.0;110537.0;28391.0
Rio Branco;341098.0;369291.0;28193.0
Eusébio;46033.0;74170.0;28137.0
Caldas Novas;70487.0;98622.0;28135.0
Caxias do Sul;435551.0;463501.0;27950.0
Catalão;86644.0;114427.0;27783.0
Altamira;99075.0;126279.0;27204.0
Barcarena;99859.0;126650.0;26791.0
Americana;210638.0;237240.0;26602.0
Santa Rita;160754.0;186945.0;26191.0
Esmeraldas;59696.0;85598.0;25902.0
Navegantes;60556.0;86401.0;25845.0
Itaituba;97493.0;123314.0;25821.0
Piraquara;92962.0;118730.0;25768.0
Itupeva;44859.0;70616.0;25757.0
Linhares;141141.0;166786.0;25645.0
Imperatriz;247505.0;273110.0;25605.0
Itanhaém;87057.0;112476.0;25419.0
Maracanaú;209098.0;234509.0;25411.0
Maceió;932642.0;957916.0;25274.0
Extrema;28599.0;53482.0;24883.0
Vespasiano;104516.0;129246.0;24730.0
Juiz de Fora;516247.0;540756.0;24509.0
Nova Mutum;31649.0;55839.0;24190.0
Campo Largo;112213.0;136327.0;24114.0
Canoas;323827.0;347657.0;23830.0
Planaltina;81559.0;105031.0;23472.0
Rio Largo;70685.0;93927.0;23242.0
Barra Velha;22386.0;45369.0;22983.0
Lagoa Santa;53774.0;76535.0;22761.0
São Luís;1015329.0;1037775.0;22446.0
Tangará da Serra;84093.0;106434.0;22341.0
Barreiras;137427.0;159734.0;22307.0
Criciúma;192305.0;214493.0;22188.0
Lajeado;74989.0;97003.0;22014.0
Curitiba;1751907.0;1773718.0;21811.0
Pouso Alegre;130615.0;152217.0;21602.0
Capão da Canoa;42040.0;63594.0;21554.0
Passo Fundo;184826.0;206215.0;21389.0
Arapiraca;213671.0;234696.0;21025.0
Marília;216745.0;237627.0;20882.0
Araguaína;150484.0;171301.0;20817.0
Tijucas;30960.0;51592.0;20632.0
Araquari;24810.0;45283.0;20473.0
Iranduba;40781.0;61163.0;20382.0
Itatiba;101471.0;121590.0;20119.0
Patos de Minas;139206.0;159235.0;20029.0
Vilhena;76202.0;95832.0;19630.0
Valinhos;106793.0;126373.0;19580.0
Horizonte;55187.0;74755.0;19568.0
Barbalha;55523.0;75033.0;19510.0
Campos dos Goytacazes;464066.0;483540.0;19474.0
Pato Branco;72370.0;91836.0;19466.0
Guarapari;105286.0;124656.0;19370.0
Votorantim;108618.0;127923.0;19305.0
Colombo;212994.0;232212.0;19218.0
Castanhal;173149.0;192256.0;19107.0
Timon;155579.0;174465.0;18886.0
Contagem;602986.0;621863.0;18877.0
Cachoeirinha;139245.0;158118.0;18873.0
Biguaçu;58206.0;76773.0;18567.0
Araçatuba;181579.0;200124.0;18545.0
Bento Gonçalves;104659.0;123151.0;18492.0
Pindamonhangaba;146995.0;165428.0;18433.0
Cabo de Santo Agostinho;185025.0;203440.0;18415.0
Campo Novo do Parecis;27573.0;45899.0;18326.0
Ipojuca;80637.0;98932.0;18295.0
Balsas;83528.0;101767.0;18239.0
Divinópolis;213016.0;231091.0;18075.0
Presidente Prudente;207610.0;225668.0;18058.0
Araxá;93672.0;111691.0;18019.0
Botucatu;127328.0;145155.0;17827.0
Francisco Beltrão;78943.0;96666.0;17723.0
Jataí;88006.0;105729.0;17723.0
Santana do Paraíso;27265.0;44800.0;17535.0
Sertãozinho;114469.0;131941.0;17472.0
Araruama;112228.0;129671.0;17443.0
Carapicuíba;369584.0;386984.0;17400.0
Mineiros;52935.0;70081.0;17146.0
Abaetetuba;141100.0;158188.0;17088.0
Itacoatiara;86839.0;103598.0;16759.0
Alenquer;52626.0;69377.0;16751.0
São Cristóvão;78864.0;95612.0;16748.0
Manacapuru;85141.0;101883.0;16742.0
Indaial;54854.0;71549.0;16695.0
Tatuí;107326.0;123942.0;16616.0
Almirante Tamandaré;103217.0;119825.0;16608.0
Bertioga;47645.0;64188.0;16543.0
Barra dos Coqueiros;24976.0;41511.0;16535.0
Parnaíba;145705.0;162159.0;16454.0
Umuarama;100670.0;117095.0;16425.0
Mogi Guaçu;137245.0;153658.0;16413.0
São Caetano do Sul;149263.0;165655.0;16392.0
São Pedro da Aldeia;87820.0;104029.0;16209.0
Itapoá;14763.0;30750.0;15987.0
Limeira;276022.0;291869.0;15847.0
Formosa;100085.0;115901.0;15816.0
Cristalina;46572.0;62337.0;15765.0
Monte Mor;48949.0;64662.0;15713.0
Mongaguá;46293.0;61951.0;15658.0
Porto Nacional;49146.0;64418.0;15272.0
Saquarema;74293.0;89559.0;15266.0
Itabaiana;111448.0;126622.0;15174.0
Conselheiro Lafaiete;116512.0;131621.0;15109.0
Itumbiara;92876.0;107970.0;15094.0
Rio Claro;203726.0;218819.0;15093.0
Itapipoca;116076.0;131123.0;15047.0
Jaguariúna;44311.0;59347.0;15036.0
Arapongas;104150.0;119138.0;14988.0
Santa Cruz do Sul;118374.0;133230.0;14856.0
Louveira;37080.0;51847.0;14767.0
Baião;36882.0;51641.0;14759.0
Guarapuava;167414.0;182093.0;14679.0
Gaspar;57990.0;72570.0;14580.0
Tabatinga;66958.0;81533.0;14575.0
São Mateus;109193.0;123752.0;14559.0
Marechal Deodoro;46018.0;60370.0;14352.0
Sobral;188677.0;203023.0;14346.0
Ubatuba;78801.0;92981.0;14180.0
Goianésia;59549.0;73707.0;14158.0
Ponta Porã;77877.0;92017.0;14140.0
Breves;92860.0;106968.0;14108.0
Itu;154147.0;168240.0;14093.0
Moju;70018.0;84094.0;14076.0
São Gabriel da Cachoeira;37896.0;51795.0;13899.0
Rolândia;57862.0;71670.0;13808.0
Querência;13033.0;26769.0;13736.0
Jarinu;23847.0;37535.0;13688.0
Santa Izabel do Pará;59466.0;73019.0;13553.0
Itapetininga;144377.0;157790.0;13413.0
Varginha;123081.0;136467.0;13386.0
Cruzeiro do Sul;94619.0;107982.0;13363.0
Cametá;120896.0;134184.0;13288.0
Franco da Rocha;131604.0;144849.0;13245.0
Campo Verde;31348.0;44585.0;13237.0
Sete Lagoas;214221.0;227397.0;13176.0
Igarassu;102021.0;115196.0;13175.0
Garanhuns;129408.0;142506.0;13098.0
Macaíba;69173.0;82249.0;13076.0
Concórdia;68625.0;81646.0;13021.0
Humaitá;49146.0;62154.0;13008.0
Serra Talhada;79232.0;92228.0;12996.0
Aracruz;81832.0;94765.0;12933.0
Pará de Minas;84215.0;97139.0;12924.0
Mairiporã;80956.0;93853.0;12897.0
Barra do Garças;56315.0;69210.0;12895.0
Vinhedo;63656.0;76540.0;12884.0
Tubarão;97249.0;110088.0;12839.0
Tramandaí;41585.0;54387.0;12802.0
Boituva;48314.0;61081.0;12767.0
Bady Bassitt;14603.0;27260.0;12657.0
Lavras;92200.0;104761.0;12561.0
Medianeira;41817.0;54369.0;12552.0
Eunápolis;101255.0;113710.0;12455.0
Armação dos Búzios;27560.0;40006.0;12446.0
Tianguá;69083.0;81506.0;12423.0
Imbituba;40170.0;52579.0;12409.0
Xinguara;40573.0;52893.0;12320.0
Ibirité;158224.0;170537.0;12313.0
Manhuaçu;79574.0;91886.0;12312.0
Campo Mourão;87177.0;99432.0;12255.0
Abadia de Goiás;6891.0;19128.0;12237.0
Tefé;61453.0;73669.0;12216.0
Itaúna;85463.0;97669.0;12206.0
Chapadão do Sul;18815.0;30993.0;12178.0
Araras;118843.0;130866.0;12023.0
Santo Antônio de Jesus;91057.0;103055.0;11998.0
Votuporanga;84692.0;96634.0;11942.0
Morrinhos;62188.0;74104.0;11916.0
Benevides;51651.0;63567.0;11916.0
Satuba;12443.0;24278.0;11835.0
Garopaba;18138.0;29959.0;11821.0
Arujá;74905.0;86678.0;11773.0
Mandaguaçu;19781.0;31457.0;11676.0
Grajaú;62234.0;73872.0;11638.0
Porto Belo;16083.0;27688.0;11605.0
Guaramirim;35172.0;46711.0;11539.0
Caçapava;84752.0;96202.0;11450.0
Poços de Caldas;152435.0;163742.0;11307.0
Anapu;20543.0;31850.0;11307.0
Rio do Sul;61297.0;72587.0;11290.0
Muaná;34204.0;45368.0;11164.0
Tomé-Açu;56518.0;67585.0;11067.0
Içara;47982.0;59035.0;11053.0
Sarzedo;25814.0;36844.0;11030.0
Igarapé;34851.0;45847.0;10996.0
Ceará-Mirim;68141.0;79115.0;10974.0
Ferraz de Vasconcelos;168306.0;179198.0;10892.0
Sapezal;18089.0;28944.0;10855.0
Santa Maria;265794.0;276582.0;10788.0
Nova Odessa;51242.0;62019.0;10777.0
Bombinhas;14293.0;25058.0;10765.0
Casimiro de Abreu;35347.0;46110.0;10763.0
Santa Cruz do Capibaribe;87582.0;98254.0;10672.0
Francisco Morato;154472.0;165139.0;10667.0
Araranguá;61292.0;71922.0;10630.0
Pontes e Lacerda;41408.0;52018.0;10610.0
Barreirinhas;55029.0;65589.0;10560.0
Embu das Artes;240230.0;250691.0;10461.0
Paranavaí;81590.0;92001.0;10411.0
Barretos;112101.0;122485.0;10384.0
Viana;114497.0;124865.0;10368.0
Portel;52172.0;62503.0;10331.0
Birigui;108728.0;118979.0;10251.0
Cambé;96987.0;107208.0;10221.0
Tremembé;40984.0;51173.0;10189.0
São Francisco do Sul;42520.0;52674.0;10154.0
Balneário Piçarras;17078.0;27127.0;10049.0
Gravatá;76476.0;86516.0;10040.0
Paiçandu;35936.0;45962.0;10026.0
Mateus Leme;27856.0;37841.0;9985.0
Guaratuba;32095.0;42062.0;9967.0
Confresa;25124.0;35075.0;9951.0
Jacareacanga;14103.0;24042.0;9939.0
Marialva;31959.0;41851.0;9892.0
Avaré;82934.0;92805.0;9871.0
Bragança;113227.0;123082.0;9855.0
Resende;119769.0;129612.0;9843.0
Bela Vista de Goiás;24613.0;34445.0;9832.0
Matinhos;29428.0;39259.0;9831.0
Crato;121260.0;131050.0;9790.0
Pinhais;117253.0;127019.0;9766.0
Canela;39227.0;48946.0;9719.0
Jandira;108344.0;118045.0;9701.0
Redenção;103178.0;112811.0;9633.0
Erechim;96085.0;105705.0;9620.0
Alagoinhas;141463.0;151055.0;9592.0
Cianorte;69958.0;79527.0;9569.0
Mirassol;53792.0;63337.0;9545.0
Senador José Porfírio;13045.0;22576.0;9531.0
Pontal do Paraná;20920.0;30425.0;9505.0
Arcoverde;68253.0;77742.0;9489.0
Alta Floresta;49142.0;58613.0;9471.0
Autazes;32135.0;41564.0;9429.0
Guanambi;78452.0;87817.0;9365.0
Itaberaí;35374.0;44734.0;9360.0
Gravataí;255723.0;265074.0;9351.0
Pacatuba;84686.0;94026.0;9340.0
Timbó;36774.0;46099.0;9325.0
Paracatu;84718.0;94023.0;9305.0
Hidrolândia;36294.0;45597.0;9303.0
Apucarana;120919.0;130134.0;9215.0
Imbé;17670.0;26824.0;9154.0
Pacajus;61838.0;70983.0;9145.0
São Gotardo;31819.0;40910.0;9091.0
Itapemirim;30768.0;39832.0;9064.0
Unaí;77557.0;86619.0;9062.0
Campina Grande do Sul;38769.0;47825.0;9056.0
Brasil Novo;15690.0;24718.0;9028.0
Quixeramobim;73160.0;82177.0;9017.0
Marechal Cândido Rondon;46819.0;55836.0;9017.0
Maués;52236.0;61204.0;8968.0
São João da Boa Vista;83639.0;92547.0;8908.0
Santo Antônio do Descoberto;63233.0;72127.0;8894.0
Forquilhinha;22548.0;31431.0;8883.0
Pacaraima;10433.0;19305.0;8872.0
São Joaquim de Bicas;25537.0;34348.0;8811.0
Novo Gama;94996.0;103804.0;8808.0
Boa Vista do Ramos;14979.0;23785.0;8806.0
Turilândia;22846.0;31638.0;8792.0
Marau;36364.0;45124.0;8760.0
Mojuí dos Campos;14775.0;23501.0;8726.0
Nossa Senhora da Glória;32497.0;41212.0;8715.0
Capanema;82165.0;90875.0;8710.0
Dois Vizinhos;36179.0;44869.0;8690.0
Várzea Paulista;107089.0;115771.0;8682.0
Picos;74435.0;83090.0;8655.0
Altos;38822.0;47453.0;8631.0
Jijoca de Jericoacoara;16958.0;25555.0;8597.0
Peruíbe;59773.0;68352.0;8579.0
Cabedelo;57944.0;66519.0;8575.0
Juatuba;22170.0;30716.0;8546.0
Costa Rica;17507.0;26037.0;8530.0
Penha;25141.0;33663.0;8522.0
Palmeiras de Goiás;23339.0;31858.0;8519.0
Novo Progresso;25124.0;33638.0;8514.0
Caieiras;86529.0;95032.0;8503.0
Colatina;111537.0;120033.0;8496.0
São Bento do Sul;74796.0;83277.0;8481.0
Irecê;66117.0;74507.0;8390.0
Santa Rosa;68587.0;76963.0;8376.0
Gurupi;76755.0;85125.0;8370.0
Rorainópolis;24279.0;32647.0;8368.0
São Lourenço da Mata;102889.0;111249.0;8360.0
Cacoal;78574.0;86887.0;8313.0
Lages;156727.0;164981.0;8254.0
Videira;47228.0;55466.0;8238.0
Iperó;28300.0;36459.0;8159.0
Nísia Floresta;23784.0;31942.0;8158.0
Acaraú;57190.0;65264.0;8074.0
Chapadinha;73350.0;81386.0;8036.0
Bagre;23864.0;31892.0;8028.0
São Miguel do Oeste;36306.0;44330.0;8024.0
Araguari;109801.0;117808.0;8007.0
Aquiraz;72652.0;80645.0;7993.0
Paraíso do Tocantins;44417.0;52360.0;7943.0
Itabirito;45452.0;53365.0;7913.0
Nova Friburgo;182057.0;189939.0;7882.0
Tarauacá;35590.0;43467.0;7877.0
Gramado;32290.0;40134.0;7844.0
Marataízes;34140.0;41929.0;7789.0
Lábrea;37701.0;45448.0;7747.0
Pinhalzinho;29451.0;37196.0;7745.0
Paragominas;97819.0;105550.0;7731.0
Ji-Paraná;116610.0;124333.0;7723.0
Nerópolis;24213.0;31932.0;7719.0
Paraty;37533.0;45243.0;7710.0
Jardinópolis;39430.0;47058.0;7628.0
Porto Feliz;48893.0;56497.0;7604.0
Cocalzinho de Goiás;17414.0;25016.0;7602.0
Prado;27413.0;35003.0;7590.0
São José de Mipibu;39698.0;47286.0;7588.0
Jequié;151301.0;158813.0;7512.0
Xanxerê;44128.0;51607.0;7479.0
Maracaju;37594.0;45047.0;7453.0
Santo Amaro da Imperatriz;19823.0;27272.0;7449.0
Santa Maria de Jetibá;34197.0;41636.0;7439.0
Balneário Gaivota;8234.0;15669.0;7435.0
São Sebastião;105952.0;113381.0;7429.0
Vargem Grande Paulista;42997.0;50415.0;7418.0
São Gabriel do Oeste;22162.0;29579.0;7417.0
Patrocínio;82471.0;89826.0;7355.0
Salinópolis;37421.0;44772.0;7351.0
Padre Bernardo;27661.0;34967.0;7306.0
Queimadas;66347.0;73646.0;7299.0
Artur Nogueira;44177.0;51456.0;7279.0
Jutaí;17992.0;25172.0;7180.0
Itaperuçu;24044.0;31217.0;7173.0
Mariana;54219.0;61387.0;7168.0
Dom Eliseu;51319.0;58484.0;7165.0
Diadema;386089.0;393237.0;7148.0
Casa Nova;64940.0;72086.0;7146.0
Seropédica;73463.0;80596.0;7133.0
Canarana;42949.0;50064.0;7115.0
Vera Cruz;83038.0;90150.0;7112.0
Torres;34656.0;41751.0;7095.0
São Bento;71537.0;78630.0;7093.0
Paranatinga;19339.0;26423.0;7084.0
Belo Jardim;72432.0;79507.0;7075.0
Trairi;51422.0;58415.0;6993.0
Oiapoque;20509.0;27482.0;6973.0
Curuçá;34294.0;41262.0;6968.0
Rio Branco do Sul;30617.0;37558.0;6941.0
Rio Brilhante;30663.0;37601.0;6938.0
Manicoré;47017.0;53914.0;6897.0
Ibitinga;53158.0;60033.0;6875.0
Teixeira de Freitas;138341.0;145216.0;6875.0
Monte Alegre;76225.0;83043.0;6818.0
São Sebastião do Paraíso;64980.0;71796.0;6816.0
Mairinque;43223.0;50027.0;6804.0
Ananindeua;471980.0;478778.0;6798.0
Cruz;22983.0;29761.0;6778.0
Igarapé-Miri;58077.0;64831.0;6754.0
Ilhabela;28196.0;34934.0;6738.0
Lagarto;94861.0;101579.0;6718.0
Paracuru;32310.0;38980.0;6670.0
Curvelo;74004.0;80665.0;6661.0
Araripina;78429.0;85088.0;6659.0
Porto de Moz;33956.0;40597.0;6641.0
Farroupilha;63675.0;70286.0;6611.0
São Raimundo Nonato;32327.0;38934.0;6607.0
Juína;39267.0;45869.0;6602.0
Tapejara;33848.0;40426.0;6578.0
João Monlevade;73610.0;80187.0;6577.0
Itaíba;26122.0;32650.0;6528.0
São Gonçalo dos Campos;32990.0;39513.0;6523.0
Pomerode;27778.0;34289.0;6511.0
Bom Jesus;48514.0;55013.0;6499.0
Fernandópolis;64696.0;71186.0;6490.0
Osório;40907.0;47396.0;6489.0
Balneário Barra do Sul;8430.0;14912.0;6482.0
Ariquemes;90353.0;96833.0;6480.0
Itaboraí;217790.0;224267.0;6477.0
Pinheiro;78162.0;84621.0;6459.0
Conde;44803.0;51259.0;6456.0
Mãe do Rio;27904.0;34353.0;6449.0
Conceição do Coité;61378.0;67825.0;6447.0
Leme;91756.0;98161.0;6405.0
Palotina;28683.0;35011.0;6328.0
São José da Lapa;19799.0;26090.0;6291.0
Passo de Torres;6627.0;12897.0;6270.0
Assis;95144.0;101409.0;6265.0
Balneário Arroio do Silva;9586.0;15820.0;6234.0
Prainha;29349.0;35577.0;6228.0
Xaxim;25713.0;31918.0;6205.0
Nova Santa Rita;26903.0;33100.0;6197.0
Rondon do Pará;46964.0;53143.0;6179.0
São Pedro;37897.0;44032.0;6135.0
Bom Despacho;45624.0;51737.0;6113.0
Guabiruba;18430.0;24543.0;6113.0
Urucurituba;17837.0;23945.0;6108.0
Vitória de Santo Antão;128017.0;134084.0;6067.0
Mogi Mirim;86505.0;92558.0;6053.0
Brumado;64493.0;70510.0;6017.0
Itapeva;96417.0;102420.0;6003.0
Castro;67084.0;73075.0;5991.0
Nordestina;12541.0;18523.0;5982.0
Guaratinguetá;112072.0;118044.0;5972.0
Aripuanã;18656.0;24626.0;5970.0
Aracati;69177.0;75113.0;5936.0
Matupá;14174.0;20091.0;5917.0
Santana;126456.0;132373.0;5917.0
Itapecerica da Serra;152614.0;158522.0;5908.0
Brejo Santo;45189.0;51090.0;5901.0
Manari;17887.0;23763.0;5876.0
Chapadão do Céu;7001.0;12870.0;5869.0
Ijuí;78915.0;84780.0;5865.0
Tucumã;33690.0;39550.0;5860.0
Goiana;75231.0;81055.0;5824.0
Rolim de Moura;50648.0;56406.0;5758.0
São João del Rei;84469.0;90225.0;5756.0
Salgueiro;56629.0;62372.0;5743.0
Anchieta;30185.0;35927.0;5742.0
Registro;54261.0;59947.0;5686.0
Passos;106290.0;111939.0;5649.0
Poxoréu;17659.0;23283.0;5624.0
Uruaçu;36937.0;42546.0;5609.0
Surubim;58515.0;64120.0;5605.0
Toritama;35554.0;41137.0;5583.0
Guapó;13976.0;19545.0;5569.0
Santa Fé do Sul;29239.0;34794.0;5555.0
Tibau do Sul;11385.0;16929.0;5544.0
Santa Helena;69806.0;75343.0;5537.0
Teutônia;27272.0;32797.0;5525.0
Itarema;37453.0;42957.0;5504.0
Oriximiná;62794.0;68294.0;5500.0
Ivinhema;22341.0;27821.0;5480.0
José de Freitas;37085.0;42559.0;5474.0
Panambi;38044.0;43515.0;5471.0
Acará;53569.0;59023.0;5454.0
Água Boa;36377.0;41808.0;5431.0
Lagoa da Prata;45984.0;51412.0;5428.0
Cabreúva;41604.0;47011.0;5407.0
Guararema;25844.0;31236.0;5392.0
Floresta;35216.0;40595.0;5379.0
Tauá;55849.0;61227.0;5378.0
Uiramutã;8375.0;13751.0;5376.0
Nova Alvorada do Sul;16450.0;21822.0;5372.0
Aparecida do Taboado;22307.0;27674.0;5367.0
Paranaguá;140469.0;145829.0;5360.0
Curralinho;28549.0;33903.0;5354.0
Estância Velha;42574.0;47924.0;5350.0
Santa Luzia;300280.0;305622.0;5342.0
Conceição das Alagoas;23043.0;28381.0;5338.0
Capela do Alto;17532.0;22866.0;5334.0
Campo Magro;24843.0;30160.0;5317.0
Paudalho;51361.0;56665.0;5304.0
Conceição do Mato Dentro;17905.0;23163.0;5258.0
Carlos Barbosa;25162.0;30420.0;5258.0
Oeiras do Pará;28595.0;33844.0;5249.0
Beruri;15486.0;20718.0;5232.0
Quirinópolis;43221.0;48447.0;5226.0
Mandirituba;22220.0;27439.0;5219.0
Eldorado do Sul;34343.0;39559.0;5216.0
Alfenas;73774.0;78970.0;5196.0
Conceição do Jacuípe;30112.0;35308.0;5196.0
Serrinha;81676.0;86871.0;5195.0
Maravilha;32606.0;37785.0;5179.0
Itaperuna;95867.0;101041.0;5174.0
Telêmaco Borba;69872.0;75042.0;5170.0
Afogados da Ingazeira;35088.0;40241.0;5153.0
Capelinha;34477.0;39626.0;5149.0
Araçoiaba da Serra;27299.0;32443.0;5144.0
Inajá;22995.0;28139.0;5144.0
Capim Grosso;28093.0;33235.0;5142.0
Balneário Rincão;10851.0;15981.0;5130.0
Presidente Getúlio;14883.0;20010.0;5127.0
Frutal;53468.0;58588.0;5120.0
Ourilândia do Norte;27359.0;32467.0;5108.0
Lagoa da Confusão;10210.0;15288.0;5078.0
Cerquilho;39617.0;44695.0;5078.0
Lençóis Paulista;61428.0;66505.0;5077.0
Iguaba Grande;22848.0;27920.0;5072.0
Pindoretama;18334.0;23391.0;5057.0
Uruçuí;20149.0;25203.0;5054.0
São João Batista;46180.0;51231.0;5051.0
Olímpia;50024.0;55074.0;5050.0
Normandia;8940.0;13986.0;5046.0
Ituiutaba;97171.0;102217.0;5046.0
Dias d'Ávila;66440.0;71485.0;5045.0
Serrana;38878.0;43909.0;5031.0
Camanducaia;21080.0;26097.0;5017.0
Sidrolândia;42114.0;47118.0;5004.0
Brumadinho;33973.0;38915.0;4942.0
Montenegro;59415.0;64322.0;4907.0
Mazagão;17032.0;21924.0;4892.0
Cajazeiras;58365.0;63239.0;4874.0
São Desidério;27976.0;32828.0;4852.0
Caarapó;25770.0;30612.0;4842.0
Maraú;19689.0;24527.0;4838.0
Jacobina;77758.0;82590.0;4832.0
Arcos;36597.0;41416.0;4819.0
Boca do Acre;30632.0;35447.0;4815.0
Cantá;13902.0;18682.0;4780.0
Santo Antônio do Sudoeste;18893.0;23673.0;4780.0
Mossoró;259815.0;264577.0;4762.0
Viçosa do Ceará;54955.0;59712.0;4757.0
Braço do Norte;29019.0;33773.0;4754.0
Cariacica;348738.0;353491.0;4753.0
Schroeder;15316.0;20061.0;4745.0
Macarani;16880.0;21599.0;4719.0
Euclides da Cunha;56739.0;61456.0;4717.0
Ilhota;12355.0;17046.0;4691.0
Nova Xavantina;19657.0;24345.0;4688.0
Capitão Poço;51893.0;56506.0;4613.0
Mangaratiba;36610.0;41220.0;4610.0
Brasiléia;21398.0;26000.0;4602.0
Amajari;9327.0;13927.0;4600.0
Amambai;34730.0;39325.0;4595.0
Paulo Afonso;108308.0;112870.0;4562.0
Cedral;18269.0;22826.0;4557.0
Santo Estêvão;47726.0;52276.0;4550.0
Limoeiro do Ajuru;25021.0;29569.0;4548.0
Ouro Preto;70281.0;74821.0;4540.0
Raposa;26369.0;30839.0;4470.0
Andradina;55334.0;59783.0;4449.0
Bujari;8471.0;12917.0;4446.0
Araçariguama;17080.0;21522.0;4442.0
Carpina;74858.0;79293.0;4435.0
Iporá;31278.0;35684.0;4406.0
Cidreira;12668.0;17071.0;4403.0
Santa Juliana;11337.0;15734.0;4397.0
Ilha Comprida;9025.0;13419.0;4394.0
Ibiúna;71217.0;75605.0;4388.0
Cláudio;25771.0;30159.0;4388.0
Cafelândia;31269.0;35651.0;4382.0
Limoeiro do Norte;55180.0;59560.0;4380.0
Congonhas;48519.0;52890.0;4371.0
Siqueira Campos;18454.0;22811.0;4357.0
Floriano;57690.0;62036.0;4346.0
Quatro Barras;19851.0;24191.0;4340.0
Seabra;41821.0;46160.0;4339.0
Alto Alegre;22398.0;26737.0;4339.0
Campo Formoso;67059.0;71377.0;4318.0
Ituporanga;22226.0;26525.0;4299.0
Ouro Branco;50815.0;55083.0;4268.0
Goianinha;22481.0;26741.0;4260.0
Nova Petrópolis;19040.0;23300.0;4260.0
Jaguaré;24678.0;28931.0;4253.0
Benjamin Constant;33411.0;37648.0;4237.0
Embu-Guaçu;62769.0;66970.0;4201.0
Piúma;18110.0;22300.0;4190.0
Piumhi;31883.0;36062.0;4179.0
São João da Barra;32412.0;36573.0;4161.0
Bacabal;99557.0;103711.0;4154.0
Carambeí;19163.0;23283.0;4120.0
Campos Novos;32819.0;36932.0;4113.0
Balneário Pinhal;10856.0;14955.0;4099.0
Brodowski;21107.0;25201.0;4094.0
Mâncio Lima;15206.0;19294.0;4088.0
Augusto Corrêa;40497.0;44573.0;4076.0
Mandaguari;32658.0;36716.0;4058.0
Jaíba;33602.0;37660.0;4058.0
Abreu e Lima;94425.0;98462.0;4037.0
Naviraí;46424.0;50457.0;4033.0
Xangri-lá;12434.0;16463.0;4029.0
São Francisco do Conde;34707.0;38733.0;4026.0
Beberibe;49095.0;53114.0;4019.0
Manoel Urbano;7981.0;11996.0;4015.0
Simão Dias;38581.0;42578.0;3997.0
Tapurah;10377.0;14370.0;3993.0
Itaporanga d'Ajuda;30419.0;34411.0;3992.0
Itapissuma;23769.0;27749.0;3980.0
Inhumas;48257.0;52204.0;3947.0
Salvaterra;20183.0;24129.0;3946.0
Santa Bárbara do Pará;17141.0;21087.0;3946.0
Cerqueira César;17532.0;21469.0;3937.0
Governador Celso Ramos;12999.0;16915.0;3916.0
Janaúba;66803.0;70699.0;3896.0
Urucuia;13604.0;17479.0;3875.0
José Bonifácio;32763.0;36633.0;3870.0
Santa Bárbara;47556.0;51418.0;3862.0
Cantanhede;20448.0;24303.0;3855.0
Barra da Estiva;22173.0;26026.0;3853.0
Engenheiro Coelho;15721.0;19566.0;3845.0
Custódia;33855.0;37699.0;3844.0
Guapiaçu;17869.0;21711.0;3842.0
Pedro Leopoldo;58740.0;62580.0;3840.0
Iturama;34456.0;38295.0;3839.0
Água Clara;12902.0;16741.0;3839.0
São Luís de Montes Belos;30033.0;33852.0;3819.0
São João;31911.0;35723.0;3812.0
Holambra;11299.0;15094.0;3795.0
Juruti;47086.0;50881.0;3795.0
Garuva;14761.0;18545.0;3784.0
Frederico Westphalen;28843.0;32627.0;3784.0
São João d'Aliança;10257.0;14041.0;3784.0
Porto Real;16592.0;20373.0;3781.0
Cansanção;33668.0;37439.0;3771.0
Assis Chateaubriand;33037.0;36808.0;3771.0
Flores da Cunha;27139.0;30892.0;3753.0
Antônio Carlos;18572.0;22319.0;3747.0
Guatambú;4679.0;8425.0;3746.0
Álvares Machado;23513.0;27255.0;3742.0
Vertentes;18222.0;21959.0;3737.0
Itacaré;23971.0;27704.0;3733.0
Santo Antônio do Içá;24481.0;28211.0;3730.0
São Francisco de Itabapoana;41354.0;45059.0;3705.0
Piripiri;61834.0;65538.0;3704.0
Barreirinha;27355.0;31051.0;3696.0
Ibicoara;17099.0;20785.0;3686.0
Pirenópolis;23008.0;26690.0;3682.0
Alhandra;18055.0;21730.0;3675.0
Campos de Júlio;5154.0;8822.0;3668.0
Araricá;4864.0;8525.0;3661.0
Matozinhos;33958.0;37618.0;3660.0
Epitaciolândia;15100.0;18757.0;3657.0
Garibaldi;30679.0;34335.0;3656.0
Bonito;85958.0;89599.0;3641.0
Matões do Norte;13794.0;17432.0;3638.0
Salto de Pirapora;40132.0;43748.0;3616.0
Pires do Rio;28761.0;32373.0;3612.0
Ferreiros;11418.0;15026.0;3608.0
Bonfim;17761.0;21357.0;3596.0
Barrinha;28496.0;32092.0;3596.0
Crateús;72817.0;76390.0;3573.0
Massaranduba;27730.0;31301.0;3571.0
Cumaru do Norte;10466.0;14036.0;3570.0
Domingos Martins;31847.0;35416.0;3569.0
Itabira;109783.0;113343.0;3560.0
Quixadá;80608.0;84168.0;3560.0
Campo Limpo Paulista;74074.0;77632.0;3558.0
Turiaçu;33933.0;37491.0;3558.0
Marituba;108246.0;111785.0;3539.0
Cachoeira do Arari;20443.0;23981.0;3538.0
Aragoiânia;8365.0;11890.0;3525.0
Cesário Lange;15540.0;19048.0;3508.0
Serra Negra;26387.0;29894.0;3507.0
Guaraciaba do Norte;38548.0;42053.0;3505.0
Presidente Figueiredo;27175.0;30668.0;3493.0
Arraial do Cabo;27496.0;30986.0;3490.0
Itapira;68537.0;72022.0;3485.0
Posse;31432.0;34914.0;3482.0
Coração de Maria;23213.0;26692.0;3479.0
Brejo da Madre de Deus;45180.0;48648.0;3468.0
Carmo do Cajuru;20012.0;23479.0;3467.0
União;42654.0;46119.0;3465.0
Pirassununga;70081.0;73545.0;3464.0
Cruzeiro do Oeste;20384.0;23831.0;3447.0
Socorro;36686.0;40122.0;3436.0
Cordeirópolis;21080.0;24514.0;3434.0
Urbano Santos;29386.0;32812.0;3426.0
Maragogi;28749.0;32174.0;3425.0
Alto Paraíso de Goiás;6885.0;10306.0;3421.0
Santa Terezinha de Itaipu;20841.0;24262.0;3421.0
Formosa do Rio Preto;22490.0;25899.0;3409.0
Ibiporã;48198.0;51603.0;3405.0
Colinas do Tocantins;30838.0;34233.0;3395.0
Itaberaba;61681.0;65073.0;3392.0
Venda Nova do Imigrante;20447.0;23831.0;3384.0
Marechal Floriano;14262.0;17641.0;3379.0
Sombrio;26613.0;29991.0;3378.0
Indiara;13690.0;17061.0;3371.0
Santa Cruz Cabrália;25827.0;29185.0;3358.0
Perdigão;8912.0;12268.0;3356.0
São Miguel do Iguaçu;25769.0;29122.0;3353.0
Lins;71432.0;74779.0;3347.0
Muriaé;100765.0;104108.0;3343.0
Engenheiro Caldas;10280.0;13622.0;3342.0
Jaraguá;41883.0;45223.0;3340.0
Santa Bárbara d'Oeste;180009.0;183347.0;3338.0
Pederneiras;41497.0;44827.0;3330.0
Presidente Tancredo Neves;24409.0;27734.0;3325.0
São Leopoldo;214087.0;217409.0;3322.0
Arroio do Sal;7740.0;11057.0;3317.0
Sena Madureira;38029.0;41343.0;3314.0
Camaragibe;144466.0;147771.0;3305.0
Mucajaí;14792.0;18095.0;3303.0
Andradas;37270.0;40553.0;3283.0
Baraúna;28392.0;31675.0;3283.0
Jaboticatubas;17134.0;20406.0;3272.0
Açu;53227.0;56496.0;3269.0
Guaíra;68108.0;71376.0;3268.0
Anajás;24759.0;28011.0;3252.0
Contenda;15891.0;19128.0;3237.0
Bom Jesus de Goiás;20727.0;23958.0;3231.0
Santo Antônio da Patrulha;39722.0;42947.0;3225.0
Itapiranga;23582.0;26800.0;3218.0
Paty do Alferes;26416.0;29619.0;3203.0
Portão;30868.0;34071.0;3203.0
Carlópolis;13706.0;16905.0;3199.0
Alexânia;23814.0;27008.0;3194.0
Vitorino;6513.0;9706.0;3193.0
Bataguassu;19839.0;23031.0;3192.0
Ubiratã;21558.0;24749.0;3191.0
Pilar;44496.0;47681.0;3185.0
Arroio do Meio;18783.0;21958.0;3175.0
Canutama;13695.0;16869.0;3174.0
Goiatuba;32493.0;35664.0;3171.0
Penápolis;58510.0;61679.0;3169.0
Agudos;34524.0;37680.0;3156.0
Itaguaí;113691.0;116841.0;3150.0
São Lourenço;41657.0;44798.0;3141.0
Dois Irmãos;27572.0;30709.0;3137.0
Vitória;319738.0;322869.0;3131.0
Joaçaba;27020.0;30146.0;3126.0
Formiga;65128.0;68248.0;3120.0
Silves;8444.0;11559.0;3115.0
Ivoti;19874.0;22983.0;3109.0
Sobradinho;36595.0;39701.0;3106.0
Caetité;48913.0;52012.0;3099.0
Barras;44850.0;47938.0;3088.0
Jaguaruna;17290.0;20375.0;3085.0
Tijucas do Sul;14537.0;17621.0;3084.0
Demerval Lobão;13278.0;16352.0;3074.0
Melgaço;24808.0;27881.0;3073.0
São Lourenço do Oeste;21725.0;24791.0;3066.0
Valentim Gentil;11036.0;14098.0;3062.0
Fonte Boa;22817.0;25871.0;3054.0
Cambuí;26488.0;29536.0;3048.0
Potirendaba;15449.0;18496.0;3047.0
Icapuí;18392.0;21433.0;3041.0
Itatiaiuçu;9928.0;12966.0;3038.0
Piratininga;12072.0;15108.0;3036.0
Silvânia;19210.0;22245.0;3035.0
Nova Venécia;46031.0;49065.0;3034.0
Bezerros;58668.0;61694.0;3026.0
Irati;58303.0;61319.0;3016.0
Feijó;32412.0;35426.0;3014.0
Ibatiba;22366.0;25380.0;3014.0
São Sebastião do Oeste;5805.0;8815.0;3010.0
Santaluz;34833.0;37834.0;3001.0
Sabará;126384.0;129380.0;2996.0
Viçosa;99352.0;102344.0;2992.0
Nova Andradina;45578.0;48563.0;2985.0
Amontada;39172.0;42156.0;2984.0
Bom Jesus do Tocantins;19066.0;22043.0;2977.0
Catanduva;112820.0;115791.0;2971.0
Carauari;25774.0;28742.0;2968.0
São Félix do Araguaia;10655.0;13621.0;2966.0
Caçador;70762.0;73720.0;2958.0
Lajedo;36628.0;39582.0;2954.0
Vigia;47889.0;50832.0;2943.0
Missão Velha;33898.0;36822.0;2924.0
Delmiro Gouveia;48399.0;51318.0;2919.0
Maracás;24701.0;27620.0;2919.0
Realeza;16338.0;19247.0;2909.0
Itamarati;8038.0;10937.0;2899.0
Nova Mamoré;22546.0;25444.0;2898.0
Jaguapitã;12225.0;15122.0;2897.0
Óbidos;49333.0;52229.0;2896.0
Volta Redonda;258669.0;261563.0;2894.0
Guamaré;12404.0;15295.0;2891.0
Monte Sião;21203.0;24089.0;2886.0
Santa Rita do Sapucaí;37754.0;40635.0;2881.0
Conchal;25229.0;28101.0;2872.0
Marechal Thaumaturgo;14227.0;17093.0;2866.0
Tobias Barreto;48040.0;50905.0;2865.0
Goianápolis;11104.0;13967.0;2863.0
Nova Prata;22830.0;25692.0;2862.0
Vacaria;61342.0;64197.0;2855.0
Tamandaré;20715.0;23561.0;2846.0
Santa Tereza do Oeste;10332.0;13174.0;2842.0
João Pinheiro;43962.0;46801.0;2839.0
Santa Vitória;18138.0;20973.0;2835.0
Alto Taquari;8072.0;10904.0;2832.0
Serra do Ramalho;31391.0;34222.0;2831.0
Venâncio Aires;65953.0;68763.0;2810.0
Serra do Mel;10287.0;13091.0;2804.0
Bom Jesus da Lapa;62771.0;65550.0;2779.0
Sacramento;23896.0;26670.0;2774.0
Bonfinópolis;7531.0;10296.0;2765.0
São Benedito;44875.0;47640.0;2765.0
Baixa Grande do Ribeiro;10516.0;13272.0;2756.0
Perdizes;14404.0;17151.0;2747.0
Imbaú;11503.0;14249.0;2746.0
São Miguel do Tocantins;10497.0;13241.0;2744.0
São Sebastião da Boa Vista;22904.0;25643.0;2739.0
Pau dos Ferros;27745.0;30479.0;2734.0
Iguatu;97477.0;100208.0;2731.0
Ibirapitanga;22618.0;25344.0;2726.0
Sabáudia;6096.0;8822.0;2726.0
Gurupá;29062.0;31786.0;2724.0
Afuá;35042.0;37765.0;2723.0
Ourolândia;16522.0;19243.0;2721.0
Três Corações;72765.0;75485.0;2720.0
Itaporã;21418.0;24137.0;2719.0
Ribeira do Pombal;51293.0;54010.0;2717.0
Mário Campos;13192.0;15900.0;2708.0
Serafina Corrêa;14253.0;16961.0;2708.0
Alcobaça;21823.0;24530.0;2707.0
Alto Garças;10345.0;13052.0;2707.0
Ipiranga do Norte;5113.0;7815.0;2702.0
Jaciara;25882.0;28569.0;2687.0
Santo Antônio de Goiás;4703.0;7386.0;2683.0
Sapiranga;72968.0;75648.0;2680.0
Mamanguape;41920.0;44599.0;2679.0
Teófilo Otoni;134745.0;137418.0;2673.0
Buriti;27013.0;29685.0;2672.0
Sooretama;23843.0;26502.0;2659.0
Ilha de Itamaracá;21884.0;24540.0;2656.0
Campo Alegre de Lourdes;28021.0;30671.0;2650.0
Rio Paranaíba;11885.0;14532.0;2647.0
Jordão;6577.0;9222.0;2645.0
Apuí;18007.0;20647.0;2640.0
Pirapora do Bom Jesus;15733.0;18370.0;2637.0
Lontras;10244.0;12873.0;2629.0
Itapaci;18458.0;21087.0;2629.0
Craíbas;22785.0;25397.0;2612.0
Wenceslau Guimarães;21867.0;24474.0;2607.0
Belford Roxo;480487.0;483087.0;2600.0
Santo Antônio de Posse;20650.0;23244.0;2594.0
Morretes;15718.0;18309.0;2591.0
Santa Isabel;54139.0;56712.0;2573.0
Prata;29693.0;32257.0;2564.0
Touros;30472.0;33035.0;2563.0
Queimados;137962.0;140523.0;2561.0
Forquilha;21614.0;24173.0;2559.0
Caracaraí;18398.0;20957.0;2559.0
Poço Redondo;30888.0;33439.0;2551.0
Ibirama;17315.0;19862.0;2547.0
Capinzal;20769.0;23314.0;2545.0
Caroebe;8114.0;10656.0;2542.0
Uarini;11891.0;14431.0;2540.0
Barão de Cocais;28241.0;30778.0;2537.0
Paulino Neves;14519.0;17056.0;2537.0
Cachoeiras de Macacu;54408.0;56943.0;2535.0
Jaguariaíva;32606.0;35141.0;2535.0
Candeias do Jamari;19779.0;22310.0;2531.0
Santa Cruz do Rio Pardo;43921.0;46442.0;2521.0
Oeiras;35640.0;38161.0;2521.0
Russas;70408.0;72928.0;2520.0
Governador Edison Lobão;15895.0;18411.0;2516.0
Pedro Afonso;11539.0;14055.0;2516.0
Presidente Kennedy;14228.0;16743.0;2515.0
Tupanatinga;24425.0;26937.0;2512.0
São Ludgero;10998.0;13509.0;2511.0
Massapê;35190.0;37697.0;2507.0
Eirunepé;30665.0;33170.0;2505.0
Açailândia;104047.0;106550.0;2503.0
Fortim;14791.0;17294.0;2503.0
Caapiranga;10975.0;13469.0;2494.0
Paripueira;11347.0;13835.0;2488.0
Carazinho;59317.0;61804.0;2487.0
Sangão;10400.0;12882.0;2482.0
Patos;100693.0;103165.0;2472.0
Itaipulândia;9026.0;11485.0;2459.0
Jacutinga;26405.0;28863.0;2458.0
Jaú;131040.0;133497.0;2457.0
Guaporé;22814.0;25268.0;2454.0
Encantado;20513.0;22962.0;2449.0
Treze Tílias;6341.0;8787.0;2446.0
Aveiro;15849.0;18290.0;2441.0
Poções;45855.0;48293.0;2438.0
Itajobi;14556.0;16989.0;2433.0
Frecheirinha;13227.0;15657.0;2430.0
Piên;11236.0;13655.0;2419.0
Itajubá;90658.0;93073.0;2415.0
Morro da Fumaça;16126.0;18537.0;2411.0
Ponto Novo;15529.0;17938.0;2409.0
Vianópolis;12548.0;14956.0;2408.0
Delta;8089.0;10494.0;2405.0
Vera;10402.0;12800.0;2398.0
Cairu;15374.0;17761.0;2387.0
Mafra;52912.0;55286.0;2374.0
Pedras de Fogo;27289.0;29662.0;2373.0
Porto Franco;21530.0;23903.0;2373.0
Matelândia;16078.0;18450.0;2372.0
Paulo Lopes;6692.0;9063.0;2371.0
Novo Aripuanã;21451.0;23818.0;2367.0
Paraipaba;29849.0;32216.0;2367.0
Nova Ubiratã;9175.0;11530.0;2355.0
Gaúcha do Norte;6292.0;8642.0;2350.0
Araporã;6144.0;8479.0;2335.0
Amparo;67914.0;70242.0;2328.0
Nova Prata do Iguaçu;10377.0;12699.0;2322.0
Brotas;21580.0;23898.0;2318.0
Lorena;82537.0;84855.0;2318.0
Pouso Redondo;14810.0;17123.0;2313.0
Ampére;17308.0;19620.0;2312.0
Bocaiúva do Sul;10987.0;13299.0;2312.0
São Pedro da Água Branca;12028.0;14338.0;2310.0
Ervália;17946.0;20255.0;2309.0
Pedra Preta;18200.0;20507.0;2307.0
Capivari de Baixo;21674.0;23975.0;2301.0
Bom Jesus dos Perdões;19708.0;22006.0;2298.0
União da Vitória;52735.0;55033.0;2298.0
Ipiguá;4463.0;6761.0;2298.0
Curitibanos;37748.0;40045.0;2297.0
Gandu;29887.0;32178.0;2291.0
Vila Bela da Santíssima Trindade;14493.0;16774.0;2281.0
Palmeirândia;18780.0;21059.0;2279.0
Livramento de Nossa Senhora;41625.0;43903.0;2278.0
Ibirubá;19310.0;21583.0;2273.0
Orleans;21393.0;23661.0;2268.0
Itanhangá;5276.0;7539.0;2263.0
Rodelas;8056.0;10308.0;2252.0
Caetés;26577.0;28827.0;2250.0
Petrolândia;38628.0;40877.0;2249.0
Matão;76786.0;79033.0;2247.0
João Dourado;22609.0;24854.0;2245.0
Pilão Arcado;33118.0;35357.0;2239.0
Pirapora;53368.0;55606.0;2238.0
Canoinhas;52779.0;55016.0;2237.0
Luís Correia;28406.0;30641.0;2235.0
Carutapera;22006.0;24238.0;2232.0
São José do Belmonte;32617.0;34843.0;2226.0
Cambira;7236.0;9460.0;2224.0
Sítio do Quinto;12553.0;14773.0;2220.0
Canelinha;10603.0;12821.0;2218.0
Dracena;43258.0;45474.0;2216.0
Ribeirão Pires;113354.0;115559.0;2205.0
Ribas do Rio Pardo;20946.0;23150.0;2204.0
Capitólio;8183.0;10380.0;2197.0
Apicum-Açu;15323.0;17519.0;2196.0
Nazária;8068.0;10262.0;2194.0
Bom Repouso;10457.0;12649.0;2192.0
Mata de São João;40375.0;42566.0;2191.0
Capão do Leão;24298.0;26487.0;2189.0
Castelo;34747.0;36930.0;2183.0
Espírito Santo do Dourado;4429.0;6611.0;2182.0
Canindé de São Francisco;24654.0;26834.0;2180.0
Vitória do Xingu;13431.0;15607.0;2176.0
Camocim;60158.0;62326.0;2168.0
Tonantins;17079.0;19247.0;2168.0
Pentecoste;35651.0;37813.0;2162.0
Caratinga;85207.0;87360.0;2153.0
Xapuri;16091.0;18243.0;2152.0
Quissamã;20253.0;22393.0;2140.0
Barra de Santo Antônio;14230.0;16365.0;2135.0
Japurá;15875.0;18002.0;2127.0
Juara;32781.0;34906.0;2125.0
Itatiaia;28783.0;30908.0;2125.0
Porangaba;8326.0;10451.0;2125.0
Guaraí;22661.0;24775.0;2114.0
Guarabira;55381.0;57484.0;2103.0
Orizona;14300.0;16399.0;2099.0
Balsa Nova;11300.0;13395.0;2095.0
Triunfo;50000.0;52095.0;2095.0
São Lourenço da Serra;13973.0;16067.0;2094.0
São João da Baliza;6769.0;8858.0;2089.0
Cocal do Sul;15159.0;17240.0;2081.0
Taiobeiras;30970.0;33050.0;2080.0
Pedra Branca do Amapari;10772.0;12847.0;2075.0
São Gonçalo do Rio Abaixo;9777.0;11850.0;2073.0
Taquarituba;22291.0;24350.0;2059.0
Ipixuna;22254.0;24311.0;2057.0
São Joaquim da Barra;46512.0;48558.0;2046.0
Itatim;13691.0;15737.0;2046.0
Bacabeira;14925.0;16966.0;2041.0
Santa Rosa do Purus;4691.0;6723.0;2032.0
Bela Cruz;30745.0;32775.0;2030.0
Assis Brasil;6072.0;8100.0;2028.0
Santa Helena de Goiás;36467.0;38492.0;2025.0
Loanda;21201.0;23225.0;2024.0
Palmeiras;8316.0;10339.0;2023.0
Ouricuri;63228.0;65245.0;2017.0
Guariba;35486.0;37498.0;2012.0
Porteiras;15048.0;17050.0;2002.0
Marmeleiro;13900.0;15901.0;2001.0
Tarumã;12885.0;14882.0;1997.0
Curaçá;32191.0;34180.0;1989.0
Irupi;11723.0;13710.0;1987.0
Novo Horizonte;50144.0;52129.0;1985.0
Santa Gertrudes;21634.0;23611.0;1977.0
Viseu;56716.0;58692.0;1976.0
Castilho;18003.0;19977.0;1974.0
Lagoa do Carro;16007.0;17981.0;1974.0
Nova Bandeirantes;11662.0;13635.0;1973.0
Remanso;38615.0;40586.0;1971.0
Bom Jesus do Araguaia;5314.0;7280.0;1966.0
Amargosa;34557.0;36521.0;1964.0
Agudos do Sul;8270.0;10233.0;1963.0
Não-Me-Toque;15936.0;17898.0;1962.0
Porangatu;42355.0;44317.0;1962.0
Sant'Ana do Livramento;82464.0;84421.0;1957.0
Jaci;5657.0;7613.0;1956.0
Trizidela do Vale;20529.0;22484.0;1955.0
Montividiu;10567.0;12521.0;1954.0
Piatã;18133.0;20086.0;1953.0
Valença do Piauí;20326.0;22279.0;1953.0
Barra do Corda;82580.0;84532.0;1952.0
Mucuri;36026.0;37977.0;1951.0
Morungaba;11769.0;13720.0;1951.0
Douradina;12794.0;14739.0;1945.0
Pompéu;29105.0;31047.0;1942.0
Mata Roma;15150.0;17090.0;1940.0
Candiota;8771.0;10710.0;1939.0
Iracemápolis;20029.0;21967.0;1938.0
Nova Aurora;13930.0;15866.0;1936.0
Miguel Pereira;24646.0;26582.0;1936.0
Batatais;56476.0;58402.0;1926.0
Laurentino;6007.0;7932.0;1925.0
Elias Fausto;15775.0;17699.0;1924.0
Monte Carmelo;45772.0;47692.0;1920.0
Baturité;33302.0;35218.0;1916.0
Maracaçumé;19234.0;21149.0;1915.0
Canitar;4369.0;6283.0;1914.0
Ipubi;27097.0;29009.0;1912.0
Palmeira;34506.0;36416.0;1910.0
Ladário;19615.0;21522.0;1907.0
Prudente de Morais;9573.0;11466.0;1893.0
Ouroeste;8405.0;10294.0;1889.0
Palmares do Sul;10969.0;12844.0;1875.0
São João do Piauí;19548.0;21421.0;1873.0
Corrente;25407.0;27278.0;1871.0
Curuá;12254.0;14117.0;1863.0
Nhamundá;18278.0;20136.0;1858.0
Selvíria;6287.0;8142.0;1855.0
São Caitano;35274.0;37126.0;1852.0
Barra de São Francisco;40649.0;42498.0;1849.0
Ubá;101519.0;103365.0;1846.0
Juruaia;9238.0;11084.0;1846.0
São Miguel;21693.0;23537.0;1844.0
Catolé do Rocha;28818.0;30661.0;1843.0
Taguaí;10828.0;12669.0;1841.0
Campo Limpo de Goiás;6241.0;8081.0;1840.0
Rodeio;10922.0;12757.0;1835.0
Tacaratu;22068.0;23902.0;1834.0
Terra Santa;16949.0;18782.0;1833.0
São José do Vale do Rio Preto;20251.0;22080.0;1829.0
Rio das Pedras;29501.0;31328.0;1827.0
Diamantina;45880.0;47702.0;1822.0
Bananeiras;21315.0;23134.0;1819.0
Gravatal;10618.0;12435.0;1817.0
Itapejara d'Oeste;10531.0;12344.0;1813.0
Porto Acre;14880.0;16693.0;1813.0
Angatuba;22210.0;24022.0;1812.0
Rolante;19448.0;21253.0;1805.0
Nazaré Paulista;16414.0;18217.0;1803.0
Barra;49291.0;51092.0;1801.0
Rodeiro;6867.0;8664.0;1797.0
Limeira do Oeste;6890.0;8687.0;1797.0
Terra Boa;15776.0;17568.0;1792.0
Buritama;15418.0;17210.0;1792.0
Cruz das Almas;58562.0;60348.0;1786.0
Nova Ponte;12812.0;14598.0;1786.0
Capim Branco;8881.0;10663.0;1782.0
Belterra;16318.0;18099.0;1781.0
Simplício Mendes;12089.0;13870.0;1781.0
Alvarães;14088.0;15866.0;1778.0
Cáceres;87907.0;89681.0;1774.0
Igaratá;8831.0;10605.0;1774.0
Trindade do Sul;5787.0;7556.0;1769.0
Itabaianinha;38910.0;40678.0;1768.0
Jales;47012.0;48776.0;1764.0
Nova Hartz;18324.0;20088.0;1764.0
Peixoto de Azevedo;30963.0;32714.0;1751.0
Itaiópolis;20301.0;22051.0;1750.0
Santa Rosa do Sul;8043.0;9792.0;1749.0
Rio Bananal;17530.0;19274.0;1744.0
Lagoa Formosa;17161.0;18904.0;1743.0
Barreira;20653.0;22392.0;1739.0
Ouvidor;5467.0;7200.0;1733.0
Taquarivaí;5151.0;6876.0;1725.0
Barra do Choça;34817.0;36539.0;1722.0
Junqueirópolis;18726.0;20448.0;1722.0
Nina Rodrigues;12464.0;14176.0;1712.0
Iraquara;22170.0;23879.0;1709.0
Jussara;40957.0;42664.0;1707.0
Francisco Alves;6418.0;8116.0;1698.0
Sítio Novo do Tocantins;9132.0;10830.0;1698.0
Lagoa Seca;26033.0;27730.0;1697.0
Flores de Goiás;12048.0;13744.0;1696.0
Tibau;3687.0;5382.0;1695.0
Serra Preta;16304.0;17996.0;1692.0
Nova Veneza;21457.0;23145.0;1688.0
Buri;18563.0;20250.0;1687.0
Ribeirão Claro;10678.0;12364.0;1686.0
Cristais Paulista;7588.0;9272.0;1684.0
Seara;16936.0;18620.0;1684.0
Belágua;6782.0;8460.0;1678.0
Davinópolis;14635.0;16306.0;1671.0
Pérola;10208.0;11878.0;1670.0
Agrolândia;9323.0;10990.0;1667.0
Lagoa Grande;31391.0;33057.0;1666.0
Valparaíso;22576.0;24241.0;1665.0
Barro Alto;22160.0;23824.0;1664.0
Curionópolis;18288.0;19950.0;1662.0
Santo Antônio da Platina;42707.0;44369.0;1662.0
Pacaembu;13226.0;14877.0;1651.0
Regente Feijó;18494.0;20145.0;1651.0
São João do Sul;7018.0;8668.0;1650.0
Nonoai;12074.0;13719.0;1645.0
Brasnorte;15361.0;17004.0;1643.0
Rialma;10523.0;12165.0;1642.0
Turmalina;20033.0;21669.0;1636.0
Iaras;6376.0;8010.0;1634.0
Fernando Falcão;9241.0;10873.0;1632.0
Granja;51717.0;53344.0;1627.0
Jupi;13705.0;15329.0;1624.0
Iapu;10407.0;12030.0;1623.0
Cocal;26591.0;28212.0;1621.0
Três Barras;18129.0;19746.0;1617.0
Paulicéia;6339.0;7955.0;1616.0
Calçoene;9000.0;10612.0;1612.0
Bocaiúva;46421.0;48032.0;1611.0
Fátima do Sul;19009.0;20609.0;1600.0
Pombos;25953.0;27552.0;1599.0
Diamantino;20343.0;21941.0;1598.0
Santa Maria do Pará;23026.0;24624.0;1598.0
Campo Florido;6870.0;8466.0;1596.0
Capixaba;8798.0;10392.0;1594.0
Baixo Guandu;29081.0;30674.0;1593.0
Irauçuba;22324.0;23915.0;1591.0
Cravinhos;31691.0;33281.0;1590.0
Lagoa Nova;13983.0;15573.0;1590.0
Almenara;38775.0;40364.0;1589.0
Pedro do Rosário;22732.0;24320.0;1588.0
Paranapanema;17808.0;19395.0;1587.0
Tupi Paulista;14269.0;15854.0;1585.0
Coronel Vivida;21749.0;23331.0;1582.0
Águas de Santa Bárbara;5601.0;7177.0;1576.0
Mucugê;10563.0;12137.0;1574.0
Divino;19133.0;20706.0;1573.0
Pardinho;5582.0;7153.0;1571.0
Iracema;22456.0;24024.0;1568.0
Igaratinga;9264.0;10830.0;1566.0
Estrela;30619.0;32183.0;1564.0
Delfinópolis;6830.0;8393.0;1563.0
Alto Horizonte;4510.0;6072.0;1562.0
Porto Walter;9176.0;10735.0;1559.0
Pinheiral;22740.0;24298.0;1558.0
Meruoca;13599.0;15157.0;1558.0
Pedreira;41558.0;43112.0;1554.0
Chapada Gaúcha;10805.0;12355.0;1550.0
São Paulo de Olivença;31422.0;32967.0;1545.0
Alto Araguaia;15649.0;17193.0;1544.0
Ourém;16311.0;17855.0;1544.0
Paraopeba;22563.0;24107.0;1544.0
Nova Independência;3068.0;4609.0;1541.0
Angélica;9191.0;10729.0;1538.0
Urucará;17094.0;18631.0;1537.0
Pontal do Araguaia;5395.0;6932.0;1537.0
Nova Trento;12190.0;13727.0;1537.0
Salto do Lontra;13689.0;15223.0;1534.0
Augustinópolis;15950.0;17484.0;1534.0
Deodápolis;12133.0;13663.0;1530.0
Salinas da Margarida;13463.0;14987.0;1524.0
Mendonça;4640.0;6159.0;1519.0
Jaguarari;31184.0;32703.0;1519.0
Patrocínio Paulista;13000.0;14512.0;1512.0
Guaçuí;27851.0;29358.0;1507.0
Feira Nova;25895.0;27402.0;1507.0
Piracuruca;27339.0;28846.0;1507.0
Campinorte;11003.0;12510.0;1507.0
Jesuítas;9001.0;10506.0;1505.0
Cosmorama;7214.0;8719.0;1505.0
Perobal;5691.0;7189.0;1498.0
Vargem;11644.0;13139.0;1495.0
Capivari;48576.0;50068.0;1492.0
Barão de Grajaú;17493.0;18984.0;1491.0
Serra Azul;11256.0;12746.0;1490.0
Correntina;30970.0;32457.0;1487.0
Colares;11381.0;12868.0;1487.0
Itapuí;12173.0;13659.0;1486.0
Umbaúba;22434.0;23917.0;1483.0
Acrelândia;12538.0;14021.0;1483.0
Mauá;416778.0;418261.0;1483.0
Guaxupé;49430.0;50911.0;1481.0
Tapauá;18120.0;19599.0;1479.0
Paraguaçu;20245.0;21723.0;1478.0
Riacho das Almas;19162.0;20639.0;1477.0
Monte Alegre do Sul;7152.0;8627.0;1475.0
Itaguara;12372.0;13846.0;1474.0
Cachoeira Paulista;30091.0;31564.0;1473.0
Paraíso do Norte;11772.0;13245.0;1473.0
Abadiânia;15759.0;17232.0;1473.0
Três Passos;23965.0;25436.0;1471.0
Imbituva;28455.0;29924.0;1469.0
Japaratinga;7754.0;9219.0;1465.0
Muzambinho;20430.0;21891.0;1461.0
Sousa;65799.0;67259.0;1460.0
Simonésia;18298.0;19750.0;1452.0
Teolândia;13881.0;15332.0;1451.0
Ibaté;30734.0;32178.0;1444.0
Mansidão;12476.0;13919.0;1443.0
São Sebastião da Bela Vista;4948.0;6387.0;1439.0
Buriti Alegre;9059.0;10495.0;1436.0
Bálsamo;8160.0;9596.0;1436.0
Mirassol d'Oeste;25352.0;26785.0;1433.0
Riachão;23645.0;25072.0;1427.0
Laranjeiras do Sul;30801.0;32227.0;1426.0
Monteiro;30852.0;32277.0;1425.0
Narandiba;4288.0;5713.0;1425.0
Igarapé do Meio;12550.0;13974.0;1424.0
Piedade de Caratinga;7110.0;8529.0;1419.0
São Fidélis;37543.0;38961.0;1418.0
Corupá;13852.0;15267.0;1415.0
Confins;5936.0;7350.0;1414.0
Florestal;6632.0;8045.0;1413.0
Maracajá;6404.0;7815.0;1411.0
Chopinzinho;19679.0;21085.0;1406.0
Feliz;12359.0;13764.0;1405.0
Bela Vista do Maranhão;10349.0;11750.0;1401.0
Campo do Brito;16749.0;18149.0;1400.0
Três Pontas;53860.0;55255.0;1395.0
Vicentinópolis;7373.0;8768.0;1395.0
Martinho Campos;12611.0;14003.0;1392.0
Mococa;66290.0;67681.0;1391.0
Marcação;7609.0;8999.0;1390.0
Praia Norte;7659.0;9044.0;1385.0
Itapororoca;16997.0;18382.0;1385.0
Santa Margarida;15011.0;16395.0;1384.0
Terezópolis de Goiás;6561.0;7944.0;1383.0
Porto Alegre do Norte;10748.0;12127.0;1379.0
Três Fronteiras;5427.0;6804.0;1377.0
Teresópolis;163746.0;165123.0;1377.0
Pitangui;25311.0;26685.0;1374.0
São Gonçalo do Pará;10398.0;11770.0;1372.0
Capim;5601.0;6970.0;1369.0
Puxinanã;12911.0;14277.0;1366.0
Campo Alegre de Goiás;6060.0;7422.0;1362.0
São Pedro dos Crentes;4425.0;5783.0;1358.0
Iguaraçu;3982.0;5338.0;1356.0
Santana do Ipanema;44867.0;46220.0;1353.0
Bom Princípio;11789.0;13142.0;1353.0
Amaturá;9467.0;10819.0;1352.0
Ipanema;18170.0;19522.0;1352.0
Coromandel;27547.0;28894.0;1347.0
Mozarlândia;13404.0;14750.0;1346.0
Turvo;25929.0;27274.0;1345.0
Sarapuí;9027.0;10369.0;1342.0
Bebedouro;75035.0;76373.0;1338.0
Ceres;20712.0;22046.0;1334.0
Itaubal;4265.0;5599.0;1334.0
Paranatama;10866.0;12199.0;1333.0
Murici dos Portelas;8464.0;9797.0;1333.0
Miraíma;12866.0;14196.0;1330.0
Apodi;34763.0;36093.0;1330.0
Dumont;8143.0;9471.0;1328.0
São Miguel do Guamá;51567.0;52894.0;1327.0
Fartura;15320.0;16641.0;1321.0
Santo Antônio do Monte;25975.0;27295.0;1320.0
São Miguel dos Milagres;7163.0;8482.0;1319.0
Araújos;7883.0;9199.0;1316.0
Águas Vermelhas;12722.0;14037.0;1315.0
Águas Belas;40235.0;41548.0;1313.0
São João das Missões;11715.0;13024.0;1309.0
Quitandinha;17089.0;18398.0;1309.0
Crixás;15760.0;17065.0;1305.0
Paulistana;19753.0;21055.0;1302.0
Acreúna;20268.0;21568.0;1300.0
Perdões;20087.0;21384.0;1297.0
São Sebastião do Caí;23134.0;24428.0;1294.0
Santana do Riacho;4023.0;5313.0;1290.0
Piraí do Norte;9685.0;10974.0;1289.0
Santa Carmem;4085.0;5374.0;1289.0
Cachoeira Grande;8446.0;9732.0;1286.0
Pereiras;7454.0;8737.0;1283.0
Tupaciguara;24188.0;25470.0;1282.0
Caxias;155692.0;156973.0;1281.0
Cruz do Espírito Santo;15815.0;17095.0;1280.0
Reduto;6569.0;7848.0;1279.0
Luiz Alves;10405.0;11684.0;1279.0
Senador Guiomard;20179.0;21454.0;1275.0
Três Rios;77075.0;78346.0;1271.0
Saudades;8994.0;10265.0;1271.0
Leopoldo de Bulhões;7479.0;8745.0;1266.0
Iúna;27328.0;28590.0;1262.0
Agronômica;4794.0;6055.0;1261.0
Piraí;26214.0;27474.0;1260.0
Aquidauana;45543.0;46803.0;1260.0
Esperantina;47243.0;48500.0;1257.0
Mambaí;6867.0;8124.0;1257.0
Pimenta Bueno;33822.0;35079.0;1257.0
Alambari;4884.0;6141.0;1257.0
Catanduvas;19757.0;21012.0;1255.0
Jacarezinho;39121.0;40375.0;1254.0
Ilicínea;11488.0;12741.0;1253.0
Baía da Traição;7971.0;9224.0;1253.0
Serra do Salitre;10549.0;11801.0;1252.0
Estiva Gerbi;10044.0;11295.0;1251.0
Porto Ferreira;51400.0;52649.0;1249.0
Espera Feliz;22856.0;24102.0;1246.0
Sento Sé;36909.0;38154.0;1245.0
Tabira;26436.0;27681.0;1245.0
Santa Cruz;55862.0;57101.0;1239.0
Divisópolis;8974.0;10213.0;1239.0
Mata Verde;7874.0;9112.0;1238.0
Jenipapo dos Vieiras;15839.0;17076.0;1237.0
Roseira;9599.0;10832.0;1233.0
Palmeira dos Índios;70341.0;71574.0;1233.0
Lajinha;19609.0;20835.0;1226.0
Martins Soares;7173.0;8396.0;1223.0
Vista Alegre do Alto;6886.0;8109.0;1223.0
Visconde do Rio Branco;37942.0;39160.0;1218.0
Caetanópolis;10218.0;11435.0;1217.0
Rio Tinto;23366.0;24581.0;1215.0
Pilar do Sul;26406.0;27619.0;1213.0
Guimarânia;7265.0;8478.0;1213.0
Veranópolis;22810.0;24021.0;1211.0
Altinópolis;15607.0;16818.0;1211.0
Tanabi;24055.0;25265.0;1210.0
Estrela d'Oeste;8208.0;9417.0;1209.0
Joaquim Távora;10736.0;11945.0;1209.0
Ribeirão Cascalheira;8881.0;10089.0;1208.0
Pauini;18166.0;19373.0;1207.0
São Bento do Sapucaí;10468.0;11674.0;1206.0
Soure;23001.0;24204.0;1203.0
Feira Grande;21513.0;22712.0;1199.0
São Raimundo das Mangabeiras;17474.0;18672.0;1198.0
Águas Mornas;5548.0;6743.0;1195.0
Munhoz;6257.0;7451.0;1194.0
Santa Clara do Sul;5697.0;6887.0;1190.0
Três de Maio;23726.0;24916.0;1190.0
Pontalina;17121.0;18309.0;1188.0
Caldazinha;3331.0;4507.0;1176.0
Rio Acima;9087.0;10261.0;1174.0
José Boiteux;4812.0;5985.0;1173.0
Itaí;24008.0;25180.0;1172.0
Nova Nazaré;3029.0;4200.0;1171.0
Nova Lacerda;5500.0;6670.0;1170.0
Serra Caiada;8960.0;10125.0;1165.0
Sapé;50143.0;51306.0;1163.0
Corbélia;16312.0;17470.0;1158.0
Alagoa Nova;19856.0;21013.0;1157.0
Colinas;41584.0;42739.0;1155.0
Orizânia;7284.0;8437.0;1153.0
Pedra;21644.0;22795.0;1151.0
Sapucaia do Sul;130957.0;132107.0;1150.0
Piquet Carneiro;15469.0;16616.0;1147.0
Salitre;15487.0;16633.0;1146.0
Parelhas;20354.0;21499.0;1145.0
Ijaci;5859.0;7003.0;1144.0
Bagé;116794.0;117938.0;1144.0
Santa Maria da Boa Vista;39435.0;40578.0;1143.0
Tracuateua;27455.0;28595.0;1140.0
Jandaia do Sul;20269.0;21408.0;1139.0
Madre de Deus;17376.0;18504.0;1128.0
São Joaquim;24812.0;25939.0;1127.0
Harmonia;4259.0;5378.0;1119.0
Pacajá;39979.0;41097.0;1118.0
Serro;20835.0;21952.0;1117.0
Elói Mendes;25220.0;26336.0;1116.0
Colina;17371.0;18486.0;1115.0
São Mateus do Sul;41257.0;42366.0;1109.0
Sítio do Mato;12300.0;13408.0;1108.0
Biritiba Mirim;28575.0;29683.0;1108.0
Milhã;13015.0;14123.0;1108.0
Jaguaripe;16552.0;17659.0;1107.0
Tupandi;3924.0;5029.0;1105.0
Piranguinho;8016.0;9120.0;1104.0
Souto Soares;15952.0;17054.0;1102.0
Marco;24698.0;25799.0;1101.0
Taiúva;5447.0;6548.0;1101.0
Agrestina;22679.0;23779.0;1100.0
Antônio João;8208.0;9303.0;1095.0
Ouro Verde do Oeste;5692.0;6785.0;1093.0
Belo Vale;7536.0;8627.0;1091.0
Astolfo Dutra;13049.0;14138.0;1089.0
Afrânio;17586.0;18674.0;1088.0
Araçoiaba;18156.0;19243.0;1087.0
Armazém;7753.0;8834.0;1081.0
Saudade do Iguaçu;5028.0;6108.0;1080.0
Pedro de Toledo;10204.0;11281.0;1077.0
Lima Duarte;16149.0;17221.0;1072.0
São Pedro de Alcântara;4704.0;5776.0;1072.0
São Cristóvão do Sul;5012.0;6084.0;1072.0
Limoeiro;55439.0;56510.0;1071.0
Manoel Ribas;13169.0;14240.0;1071.0
Alfredo Wagner;9410.0;10481.0;1071.0
Papanduva;18080.0;19150.0;1070.0
Sumé;16096.0;17166.0;1070.0
Brejetuba;11915.0;12985.0;1070.0
Centro do Guilherme;11273.0;12342.0;1069.0
Cândido Mendes;18864.0;19932.0;1068.0
Paraisópolis;19379.0;20445.0;1066.0
Tasso Fragoso;7796.0;8862.0;1066.0
João Câmara;32227.0;33290.0;1063.0
Itanhandu;14175.0;15236.0;1061.0
Bastos;20445.0;21503.0;1058.0
Senhor do Bonfim;73466.0;74523.0;1057.0
Campinápolis;14291.0;15347.0;1056.0
Quatiguá;7045.0;8099.0;1054.0
Salinas;39125.0;40178.0;1053.0
Seberi;10897.0;11950.0;1053.0
Montanha;17849.0;18900.0;1051.0
Taió;17260.0;18310.0;1050.0
Piracanjuba;23834.0;24883.0;1049.0
Santa Inês;99240.0;100289.0;1049.0
Jambeiro;5349.0;6397.0;1048.0
Joanópolis;11768.0;12815.0;1047.0
São Francisco de Paula;27034.0;28080.0;1046.0
São Bento do Tocantins;4608.0;5654.0;1046.0
Coronel Fabriciano;103694.0;104736.0;1042.0
Cocos;18111.0;19151.0;1040.0
Porto Grande;16809.0;17848.0;1039.0
Brejinho;18884.0;19922.0;1038.0
Novo Airão;14723.0;15761.0;1038.0
Tabocão;2419.0;3455.0;1036.0
Varjão de Minas;5934.0;6969.0;1035.0
Quintana;6004.0;7038.0;1034.0
Urupês;12714.0;13744.0;1030.0
Marilândia;11358.0;12387.0;1029.0
São João do Itaperiú;3435.0;4463.0;1028.0
Sananduva;15373.0;16399.0;1026.0
Chupinguaia;8301.0;9324.0;1023.0
Florínea;2829.0;3851.0;1022.0
Lindolfo Collor;5227.0;6248.0;1021.0
Sapeaçu;16943.0;17963.0;1020.0
Itatinga;18052.0;19070.0;1018.0
São José da Barra;6778.0;7793.0;1015.0
Cristinápolis;16087.0;17100.0;1013.0
Tacaimbó;12725.0;13738.0;1013.0
Nova Resende;15374.0;16387.0;1013.0
Primavera;23677.0;24689.0;1012.0
Cordilheira Alta;3771.0;4781.0;1010.0
Laranjal Paulista;25251.0;26261.0;1010.0
São Domingos do Azeitão;6983.0;7992.0;1009.0
Mato Leitão;3858.0;4859.0;1001.0
São João do Manhuaçu;10245.0;11246.0;1001.0
Arroio dos Ratos;13606.0;14601.0;995.0
Potim;19397.0;20392.0;995.0
Santa Maria do Cambucá;13021.0;14013.0;992.0
Fundão;17025.0;18014.0;989.0
Axixá do Tocantins;9275.0;10262.0;987.0
Senador Amaral;5219.0;6206.0;987.0
Sales;5451.0;6437.0;986.0
Santa Rita de Cássia;26404.0;27390.0;986.0
Paranaíta;10686.0;11671.0;985.0
Arari;28488.0;29472.0;984.0
Corumbaíba;8181.0;9164.0;983.0
Piratuba;4786.0;5769.0;983.0
Guanhães;31262.0;32244.0;982.0
São Marcos;20103.0;21084.0;981.0
Ubajara;31787.0;32767.0;980.0
Luís Antônio;11286.0;12265.0;979.0
Tiros;6906.0;7883.0;977.0
Ubaporanga;12040.0;13017.0;977.0
Piancó;15465.0;16441.0;976.0
Otacílio Costa;16337.0;17312.0;975.0
Mutum;26661.0;27635.0;974.0
Mar de Espanha;11749.0;12721.0;972.0
Rubinéia;2862.0;3833.0;971.0
São Sebastião do Uatumã;10705.0;11670.0;965.0
Paraíso das Águas;4548.0;5510.0;962.0
Cachoeira Alta;10552.0;11513.0;961.0
Piraju;28475.0;29436.0;961.0
Santa Teresa;21851.0;22808.0;957.0
Carmópolis de Minas;17048.0;18003.0;955.0
Nova Araçá;4001.0;4954.0;953.0
Nova Viçosa;38556.0;39509.0;953.0
Ibirapuã;7948.0;8896.0;948.0
Lagoa do Piauí;3863.0;4810.0;947.0
Santa Fé;10432.0;11378.0;946.0
Santa Luzia do Pará;19424.0;20370.0;946.0
Canindé;73228.0;74174.0;946.0
Cosmópolis;58827.0;59773.0;946.0
São Paulo do Potengi;15843.0;16786.0;943.0
Chapada dos Guimarães;18047.0;18990.0;943.0
Correia Pinto;14785.0;15727.0;942.0
Santo Cristo;14378.0;15320.0;942.0
Porto Real do Colégio;19141.0;20082.0;941.0
Santo Inácio;5241.0;6181.0;940.0
Vale Real;5118.0;6058.0;940.0
Zortéa;2991.0;3930.0;939.0
Pureza;8424.0;9362.0;938.0
Santa Izabel do Oeste;13132.0;14070.0;938.0
Raposos;15342.0;16279.0;937.0
Ourinhos;103035.0;103970.0;935.0
Iporã do Oeste;8400.0;9335.0;935.0
São Miguel do Gostoso;9287.0;10221.0;934.0
Divinésia;3293.0;4226.0;933.0
Monte Alto;46642.0;47574.0;932.0
Ipuaçu;6798.0;7730.0;932.0
Irará;27112.0;28043.0;931.0
Pitanga;32638.0;33567.0;929.0
Neves Paulista;8772.0;9699.0;927.0
Riachão do Jacuípe;32463.0;33386.0;923.0
Uchoa;9471.0;10394.0;923.0
Carinhanha;27948.0;28869.0;921.0
Caculé;21541.0;22462.0;921.0
Monte Alegre de Sergipe;13415.0;14336.0;921.0
Palmitinho;6920.0;7839.0;919.0
Tururu;14495.0;15412.0;917.0
Ascurra;7403.0;8319.0;916.0
Santa Leopoldina;12191.0;13106.0;915.0
Salgado;19365.0;20279.0;914.0
Piracaia;25116.0;26029.0;913.0
Jucati;10604.0;11517.0;913.0
Matipó;17639.0;18552.0;913.0
Presidente Dutra;59374.0;60285.0;911.0
Rodeio Bonito;5743.0;6654.0;911.0
Cristais;11286.0;12197.0;911.0
Pato Bragado;4822.0;5733.0;911.0
Lavínia;8779.0;9689.0;910.0
Igrejinha;31899.0;32808.0;909.0
Itatira;19516.0;20424.0;908.0
Tanhaçu;20105.0;21006.0;901.0
Teixeiras;11355.0;12255.0;900.0
Tanque Novo;16261.0;17158.0;897.0
Santa Cecília;22320.0;23216.0;896.0
Lagoa Grande do Maranhão;10517.0;11411.0;894.0
Botuverá;4470.0;5363.0;893.0
Adamantina;33797.0;34687.0;890.0
Quatis;12793.0;13682.0;889.0
Nova Crixás;11927.0;12815.0;888.0
Onda Verde;3884.0;4771.0;887.0
Mercedes;5046.0;5931.0;885.0
Pescaria Brava;9307.0;10190.0;883.0
São José dos Ausentes;3290.0;4172.0;882.0
Pirajuba;4656.0;5537.0;881.0
Nova Erechim;4275.0;5155.0;880.0
Manduri;8992.0;9871.0;879.0
Anori;16317.0;17194.0;877.0
Rubiataba;18915.0;19788.0;873.0
Maripá;5684.0;6555.0;871.0
São Félix do Coribe;14326.0;15194.0;868.0
Vargem Grande do Sul;39266.0;40133.0;867.0
Porto de Pedras;8429.0;9295.0;866.0
Novo São Joaquim;6054.0;6919.0;865.0
Ferreira Gomes;5802.0;6666.0;864.0
Ivaiporã;31856.0;32720.0;864.0
Uruoca;12883.0;13746.0;863.0
Sobrado;7373.0;8236.0;863.0
Parisi;2032.0;2892.0;860.0
Lambari;19554.0;20414.0;860.0
Alfredo Vasconcelos;6075.0;6931.0;856.0
Logradouro;3942.0;4797.0;855.0
Sapucaia;22726.0;23576.0;850.0
São João do Arraial;7336.0;8186.0;850.0
Cachoeira de Minas;11034.0;11883.0;849.0
Tuiuti;5930.0;6778.0;848.0
Envira;16338.0;17186.0;848.0
Sales Oliveira;10568.0;11411.0;843.0
Bofete;9618.0;10460.0;842.0
Mataraca;7407.0;8244.0;837.0
Juti;5897.0;6729.0;832.0
Bernardino de Campos;10775.0;11607.0;832.0
Funilândia;3855.0;4686.0;831.0
Caaporã;20362.0;21193.0;831.0
Lucena;11730.0;12560.0;830.0
Mauá da Serra;8555.0;9383.0;828.0
Tietê;36835.0;37663.0;828.0
Piedade;52143.0;52970.0;827.0
Piranguçu;5217.0;6041.0;824.0
Bom Retiro do Sul;11472.0;12294.0;822.0
Montadas;4990.0;5812.0;822.0
Guaiúba;23504.0;24325.0;821.0
Aperibé;10213.0;11034.0;821.0
Dobrada;7939.0;8759.0;820.0
Venturosa;16433.0;17251.0;818.0
Ipeúna;6016.0;6831.0;815.0
Casca;8651.0;9465.0;814.0
Bambuí;22734.0;23546.0;812.0
Tracunhaém;13055.0;13867.0;812.0
Brasília de Minas;31213.0;32025.0;812.0
Ortigueira;23380.0;24192.0;812.0
Morada Nova de Minas;8255.0;9067.0;812.0
Itaquiraí;18614.0;19423.0;809.0
Nova Bassano;8840.0;9649.0;809.0
João Lisboa;23900.0;24709.0;809.0
Ipameri;24740.0;25548.0;808.0
Aruanã;7496.0;8300.0;804.0
Nova Aliança;5891.0;6693.0;802.0
Jeceaba;5395.0;6197.0;802.0
Santa Rita do Trivelato;2477.0;3276.0;799.0
Jaraguari;6341.0;7139.0;798.0
Japeri;95492.0;96289.0;797.0
Campo Bom;62091.0;62886.0;795.0
Brasilândia de Minas;14226.0;15020.0;794.0
Cajueiro da Praia;7163.0;7957.0;794.0
Adolfo;3557.0;4351.0;794.0
Ibirá;10896.0;11690.0;794.0
Paraíba do Sul;41269.0;42063.0;794.0
Pareci Novo;3530.0;4319.0;789.0
Ipu;40292.0;41081.0;789.0
Santo Antônio do Tauá;26674.0;27461.0;787.0
Pariquera-Açu;18446.0;19233.0;787.0
Rio Bonito do Iguaçu;13143.0;13929.0;786.0
Encanto;5231.0;6016.0;785.0
Itamonte;14003.0;14786.0;783.0
Parobé;51275.0;52058.0;783.0
Tiradentes;6961.0;7744.0;783.0
Cipó;16449.0;17230.0;781.0
Tenente Portela;13719.0;14497.0;778.0
Bom Jesus do Norte;9476.0;10254.0;778.0
Astorga;24698.0;25475.0;777.0
Pedra Bela;5780.0;6557.0;777.0
Santa Bárbara do Leste;7682.0;8458.0;776.0
Quilombo;10248.0;11022.0;774.0
Barrocas;14429.0;15203.0;774.0
Itamarandiba;32175.0;32948.0;773.0
Ninheira;9815.0;10588.0;773.0
Anguera;10259.0;11031.0;772.0
Carmo do Rio Verde;8938.0;9710.0;772.0
Nova Santa Helena;3468.0;4239.0;771.0
Morros;17783.0;18554.0;771.0
Montes Claros de Goiás;7985.0;8756.0;771.0
Cruzília;14591.0;15362.0;771.0
Saltinho;11025.0;11793.0;768.0
Glorinha;6891.0;7658.0;767.0
Nova Iguaçu;785102.0;785867.0;765.0
Iporã;14981.0;15746.0;765.0
São João Batista do Glória;6887.0;7652.0;765.0
Groaíras;10147.0;10910.0;763.0
Arandu;6123.0;6885.0;762.0
Santa Cruz do Xingu;1900.0;2661.0;761.0
Brejo;33359.0;34120.0;761.0
Planura;10384.0;11145.0;761.0
Paranaíba;40197.0;40957.0;760.0
Terra Roxa;25264.0;26023.0;759.0
Itiquira;11478.0;12236.0;758.0
Lagoa Salgada;7564.0;8319.0;755.0
Santo Antônio do Aracanguá;7626.0;8379.0;753.0
São Domingos do Capim;29846.0;30599.0;753.0
Rio Verde de Mato Grosso;19066.0;19818.0;752.0
Piraúba;10862.0;11610.0;748.0
Três Cachoeiras;10217.0;10962.0;745.0
Anajatuba;24579.0;25322.0;743.0
Brazabrantes;3251.0;3992.0;741.0
Rafael Fernandes;4692.0;5432.0;740.0
Filadélfia;24869.0;25609.0;740.0
Amapá do Maranhão;6431.0;7170.0;739.0
Boa Esperança;57275.0;58014.0;739.0
Santo Antônio de Pádua;40589.0;41325.0;736.0
Guapirama;3891.0;4626.0;735.0
Pastos Bons;18067.0;18802.0;735.0
Campo Belo;51544.0;52277.0;733.0
Varzedo;9183.0;9913.0;730.0
Cocalinho;5490.0;6220.0;730.0
Glória;14795.0;15524.0;729.0
Inocência;7677.0;8404.0;727.0
Jequitibá;5156.0;5883.0;727.0
Barão;5735.0;6461.0;726.0
Nossa Senhora Aparecida;8508.0;9232.0;724.0
São José do Xingu;5240.0;5964.0;724.0
Porteirão;3347.0;4070.0;723.0
Tocantínia;6736.0;7459.0;723.0
Luisburgo;6234.0;6956.0;722.0
Indiaroba;15831.0;16549.0;718.0
Meridiano;3855.0;4572.0;717.0
Siderópolis;12998.0;13714.0;716.0
Tenente Laurentino Cruz;5177.0;5891.0;714.0
Marcolândia;7819.0;8533.0;714.0
Cristópolis;13280.0;13993.0;713.0
Iraí de Minas;6467.0;7180.0;713.0
Pirapetinga;10364.0;11077.0;713.0
Várzea Alegre;38276.0;38984.0;708.0
Dores de Campos;9299.0;10007.0;708.0
Recreio;10299.0;11007.0;708.0
Trombudo Central;6567.0;7274.0;707.0
São Miguel do Passa Quatro;3757.0;4464.0;707.0
Ipupiara;9229.0;9935.0;706.0
Ubirajara;4427.0;5132.0;705.0
Jeriquara;3160.0;3863.0;703.0
Milagres do Maranhão;8118.0;8818.0;700.0
Descalvado;31056.0;31756.0;700.0
Rio Bonito;55576.0;56276.0;700.0
Capela de Santana;10462.0;11159.0;697.0
Nova Santa Rosa;7626.0;8322.0;696.0
Urussanga;20223.0;20919.0;696.0
Caturité;4563.0;5254.0;691.0
Governador Mangabeira;19916.0;20605.0;689.0
Rio Maria;17697.0;18384.0;687.0
Matias Barbosa;13435.0;14121.0;686.0
Marzagão;2072.0;2758.0;686.0
Espigão D'Oeste;28729.0;29414.0;685.0
Prudentópolis;48709.0;49393.0;684.0
São João do Paraíso;33133.0;33814.0;681.0
Mogeiro;13219.0;13899.0;680.0
Dois Irmãos do Buriti;10423.0;11100.0;677.0
Crucilândia;4757.0;5434.0;677.0
Quatro Pontes;3803.0;4480.0;677.0
Boqueirão;16922.0;17598.0;676.0
Capinzal do Norte;10698.0;11374.0;676.0
Rio do Oeste;7072.0;7747.0;675.0
Carnaubal;16537.0;17210.0;673.0
Penaforte;8299.0;8972.0;673.0
Nossa Senhora de Nazaré;4556.0;5228.0;672.0
Serrolândia;12664.0;13335.0;671.0
Santa Albertina;5723.0;6393.0;670.0
Vila Propício;5145.0;5815.0;670.0
Estância;64409.0;65078.0;669.0
Almeirim;33614.0;34280.0;666.0
Ibotirama;25645.0;26309.0;664.0
Irani;9531.0;10195.0;664.0
Águas de Lindóia;17266.0;17930.0;664.0
São Roque;78821.0;79484.0;663.0
Martinópolis;24219.0;24881.0;662.0
Divinópolis do Tocantins;6363.0;7024.0;661.0
Marapoama;2633.0;3292.0;659.0
Witmarsum;3596.0;4255.0;659.0
Prados;8391.0;9048.0;657.0
Estiva;10845.0;11502.0;657.0
Santana do Acaraú;29972.0;30628.0;656.0
Frei Paulo;13874.0;14530.0;656.0
Pirapozinho;24694.0;25348.0;654.0
Luzilândia;24721.0;25375.0;654.0
Porto Rico;2530.0;3182.0;652.0
Desterro de Entre Rios;7002.0;7653.0;651.0
Luís Domingues;6510.0;7161.0;651.0
Itagi;13152.0;13803.0;651.0
Entre Rios do Oeste;3926.0;4575.0;649.0
Santa Luzia do Itanhy;12969.0;13616.0;647.0
Pedra Bonita;6673.0;7320.0;647.0
Santo Antônio do Pinhal;6486.0;7133.0;647.0
São José da Coroa Grande;18180.0;18825.0;645.0
Aparecida do Rio Negro;4213.0;4856.0;643.0
Caldeirão Grande;12438.0;13080.0;642.0
Santo Ângelo;76275.0;76917.0;642.0
Rochedo;4557.0;5199.0;642.0
Califórnia;8069.0;8710.0;641.0
Itá;6426.0;7067.0;641.0
Lassance;6484.0;7124.0;640.0
Colômbia;5994.0;6629.0;635.0
Constantina;9752.0;10385.0;633.0
Martinópole;10214.0;10846.0;632.0
Santa Luzia do Paruá;23676.0;24307.0;631.0
São Tiago;10561.0;11192.0;631.0
Ibimirim;25965.0;26593.0;628.0
Água Branca;45289.0;45916.0;627.0
Serra Branca;12987.0;13614.0;627.0
Catas Altas;4846.0;5473.0;627.0
Itirapina;15524.0;16148.0;624.0
Redenção da Serra;3873.0;4494.0;621.0
Barão de Cotegipe;6526.0;7144.0;618.0
Santa Fé do Araguaia;6599.0;7216.0;617.0
Catunda;9828.0;10444.0;616.0
Campo Maior;45177.0;45793.0;616.0
Campo Largo do Piauí;6803.0;7419.0;616.0
Abre Campo;13311.0;13927.0;616.0
Congonhal;10468.0;11083.0;615.0
Coroaci;10270.0;10884.0;614.0
Alvorada de Minas;3546.0;4159.0;613.0
Rifaina;3436.0;4049.0;613.0
Três Coroas;23812.0;24425.0;613.0
Nova Olinda;30942.0;31553.0;611.0
Figueirão;2928.0;3539.0;611.0
Mirabela;13042.0;13651.0;609.0
Boa Hora;6296.0;6902.0;606.0
Barra de São Miguel;13245.0;13850.0;605.0
Bandeira do Sul;5338.0;5943.0;605.0
Barra do Mendes;13233.0;13836.0;603.0
Bannach;3431.0;4031.0;600.0
Tigrinhos;1730.0;2329.0;599.0
Maripá de Minas;2788.0;3387.0;599.0
Araguaiana;3197.0;3795.0;598.0
Ipumirim;7220.0;7816.0;596.0
Erval Velho;4290.0;4885.0;595.0
São José da Tapera;30009.0;30604.0;595.0
Ararendá;10501.0;11096.0;595.0
Fazenda Vilanova;3697.0;4291.0;594.0
Presidente Lucena;2484.0;3077.0;593.0
Tacuru;10215.0;10808.0;593.0
Missal;10474.0;11064.0;590.0
Araguatins;31329.0;31918.0;589.0
São Miguel Arcanjo;31450.0;32039.0;589.0
São Domingos do Norte;8001.0;8589.0;588.0
Bom Jesus da Penha;3887.0;4474.0;587.0
Turvelândia;4399.0;4985.0;586.0
Upanema;12992.0;13577.0;585.0
Caldas;13633.0;14217.0;584.0
Carneiros;8415.0;8999.0;584.0
Canudos;15522.0;16105.0;583.0
Lavrinhas;6590.0;7171.0;581.0
Marliéria;4012.0;4592.0;580.0
Buriti dos Lopes;19074.0;19654.0;580.0
Nova Marilândia;2949.0;3529.0;580.0
Rio dos Cedros;10286.0;10865.0;579.0
Três Marias;28318.0;28895.0;577.0
Braço do Trombudo;3451.0;4026.0;575.0
Nuporanga;6817.0;7391.0;574.0
Riachão do Poço;4164.0;4738.0;574.0
Cristianópolis;2932.0;3504.0;572.0
Paranhos;12350.0;12921.0;571.0
Pedra Azul;23839.0;24410.0;571.0
Macatuba;16259.0;16829.0;570.0
Serrano do Maranhão;9632.0;10202.0;570.0
Chã de Alegria;12414.0;12984.0;570.0
Guaiçara;10670.0;11239.0;569.0
Tutóia;52788.0;53356.0;568.0
Japaraíba;3939.0;4506.0;567.0
Divino de São Lourenço;4516.0;5083.0;567.0
Pedra Dourada;2191.0;2757.0;566.0
Rio Quente;3298.0;3864.0;566.0
São Benedito do Rio Preto;17799.0;18364.0;565.0
São Luiz;6750.0;7315.0;565.0
Iuiu;10553.0;11118.0;565.0
Carnaúba dos Dantas;7429.0;7992.0;563.0
Colíder;30807.0;31370.0;563.0
Ibitirama;8957.0;9520.0;563.0
Imbé de Minas;6424.0;6986.0;562.0
Itaara;5010.0;5572.0;562.0
Belo Campo;17851.0;18412.0;561.0
Água Doce do Maranhão;11581.0;12142.0;561.0
Assunção;3594.0;4152.0;558.0
Tibagi;19403.0;19961.0;558.0
Cupira;22964.0;23518.0;554.0
Alfredo Marcondes;3891.0;4445.0;554.0
Darcinópolis;5273.0;5827.0;554.0
Faro;8177.0;8728.0;551.0
Monte Alegre de Minas;19619.0;20170.0;551.0
Conceição da Aparecida;9820.0;10371.0;551.0
Santa Ernestina;5568.0;6118.0;550.0
Formosa da Serra Negra;17169.0;17719.0;550.0
Rodrigues Alves;14389.0;14938.0;549.0
Cezarina;7542.0;8090.0;548.0
Taciba;5714.0;6260.0;546.0
Serranópolis;7481.0;8027.0;546.0
Canas;4385.0;4931.0;546.0
Ibiraçu;11178.0;11723.0;545.0
Tio Hugo;2724.0;3267.0;543.0
Córrego do Bom Jesus;3730.0;4272.0;542.0
Terra de Areia;9793.0;10334.0;541.0
Buriti do Tocantins;9768.0;10307.0;539.0
Fernando de Noronha;2630.0;3167.0;537.0
Matões;31638.0;32174.0;536.0
Rancho Queimado;2744.0;3279.0;535.0
Monte Aprazível;21746.0;22280.0;534.0
Grossos;9393.0;9924.0;531.0
Faxinal dos Guedes;10661.0;11192.0;531.0
Belo Oriente;23397.0;23928.0;531.0
Laguna;42255.0;42785.0;530.0
Carmo do Rio Claro;20426.0;20954.0;528.0
Pratânia;4599.0;5126.0;527.0
Ouro Fino;31568.0;32094.0;526.0
Dores do Turvo;4462.0;4987.0;525.0
Jaboti;4902.0;5427.0;525.0
Mateiros;2223.0;2748.0;525.0
Algodão de Jandaíra;2429.0;2953.0;524.0
Aporé;3803.0;4325.0;522.0
Cristino Castro;9981.0;10503.0;522.0
Santa Cruz de Monte Castelo;8092.0;8613.0;521.0
Moema;7028.0;7548.0;520.0
Bonfim do Piauí;5393.0;5913.0;520.0
Careaçu;6298.0;6816.0;518.0
Marizópolis;6188.0;6705.0;517.0
Carapebus;13330.0;13847.0;517.0
Glória de Dourados;9927.0;10444.0;517.0
Baianópolis;13100.0;13614.0;514.0
Solonópole;17665.0;18179.0;514.0
Santa Clara d'Oeste;2084.0;2598.0;514.0
Campos Lindos;8139.0;8653.0;514.0
Lagoa Dourada;12256.0;12769.0;513.0
Varjota;17593.0;18105.0;512.0
São João do Araguaia;13155.0;13664.0;509.0
São João Nepomuceno;25057.0;25565.0;508.0
Gonçalves;4220.0;4727.0;507.0
Colinas do Sul;3523.0;4030.0;507.0
Dona Emma;3715.0;4221.0;506.0
Entre Rios de Minas;14242.0;14746.0;504.0
Areial;6624.0;7128.0;504.0
Horizontina;18348.0;18851.0;503.0
Conceição dos Ouros;10377.0;10880.0;503.0
Alto Boa Vista;5212.0;5715.0;503.0
Treze de Maio;6859.0;7362.0;503.0
Campanha;15433.0;15935.0;502.0
Curimatá;10768.0;11270.0;502.0
Bonito de Minas;9703.0;10204.0;501.0
Cocal dos Alves;5885.0;6386.0;501.0
Itobi;7546.0;8046.0;500.0
Dom Macedo Costa;3907.0;4407.0;500.0
Mirandópolis;27483.0;27983.0;500.0
Brasilândia do Sul;3209.0;3708.0;499.0
Nova Esperança do Sudoeste;5098.0;5597.0;499.0
Doutor Camargo;5828.0;6327.0;499.0
Itumirim;6139.0;6638.0;499.0
Quixabeira;8962.0;9461.0;499.0
Fronteira;14041.0;14540.0;499.0
Alto Caparaó;5297.0;5795.0;498.0
Caturaí;4686.0;5184.0;498.0
Aral Moreira;10251.0;10748.0;497.0
Boa Vista do Gurupi;7078.0;7574.0;496.0
Santo Antônio do Leverger;14751.0;15246.0;495.0
Bodoquena;8072.0;8567.0;495.0
Maturéia;5939.0;6433.0;494.0
Curral de Dentro;6913.0;7406.0;493.0
Taquaral de Goiás;3534.0;4026.0;492.0
Retirolândia;13159.0;13651.0;492.0
Alcântaras;10877.0;11369.0;492.0
Caçu;13283.0;13774.0;491.0
Gilbués;10402.0;10892.0;490.0
Nobres;15002.0;15492.0;490.0
Mirador;22779.0;23268.0;489.0
Rosário da Limeira;4247.0;4734.0;487.0
Comendador Levy Gasparian;8254.0;8741.0;487.0
Senador Firmino;7230.0;7716.0;486.0
Uruburetama;19703.0;20189.0;486.0
Ilha Solteira;25064.0;25549.0;485.0
Abaré;17155.0;17639.0;484.0
Jardim;50909.0;51392.0;483.0
Florânia;9713.0;10196.0;483.0
Urutaí;3070.0;3553.0;483.0
São José do Cedro;13684.0;14167.0;483.0
Terenos;17169.0;17652.0;483.0
Rio Piracicaba;14149.0;14631.0;482.0
Edéia;11266.0;11747.0;481.0
Barroso;19599.0;20080.0;481.0
Palhano;8866.0;9346.0;480.0
Aparecida do Rio Doce;2427.0;2907.0;480.0
Inhaúma;5760.0;6239.0;479.0
Quaraí;23021.0;23500.0;479.0
Conceição do Lago-Açu;14436.0;14915.0;479.0
Herval d'Oeste;21246.0;21724.0;478.0
Damianópolis;3292.0;3770.0;478.0
Muribeca;7344.0;7822.0;478.0
Teixeira;14153.0;14631.0;478.0
Nipoã;4274.0;4750.0;476.0
São Brás do Suaçuí;3513.0;3989.0;476.0
Quixeré;20401.0;20874.0;473.0
Ocara;24020.0;24493.0;473.0
Jacaraú;14004.0;14477.0;473.0
Lençóis;10302.0;10774.0;472.0
Jardim de Piranhas;13506.0;13977.0;471.0
Santo Antônio da Alegria;6304.0;6775.0;471.0
São José do Calçado;10408.0;10878.0;470.0
Brasileira;7966.0;8436.0;470.0
Governador Newton Bello;10245.0;10713.0;468.0
São Bernardo;26476.0;26943.0;467.0
Mocajuba;26731.0;27198.0;467.0
Lagoa do Barro do Piauí;4530.0;4995.0;465.0
Guapimirim;51233.0;51696.0;463.0
São Jorge do Patrocínio;6041.0;6504.0;463.0
Alumínio;16839.0;17301.0;462.0
Boqueirão do Piauí;6083.0;6545.0;462.0
Ananás;9865.0;10325.0;460.0
Magé;227667.0;228127.0;460.0
Itaguari;4503.0;4963.0;460.0
Cajuru;23371.0;23830.0;459.0
Uiraúna;14472.0;14930.0;458.0
Caxingó;5039.0;5496.0;457.0
Carnaubeira da Penha;11782.0;12239.0;457.0
Queiroz;2808.0;3265.0;457.0
Mombuca;3266.0;3722.0;456.0
Medeiros;3444.0;3900.0;456.0
São Sebastião do Anta;5739.0;6194.0;455.0
Formoso do Araguaia;18427.0;18881.0;454.0
Tupã;63476.0;63928.0;452.0
Passagem;5128.0;5578.0;450.0
Brejo do Cruz;13163.0;13613.0;450.0
Planalto da Serra;2716.0;3166.0;450.0
Charqueada;15085.0;15535.0;450.0
Itaquitinga;16105.0;16554.0;449.0
Getúlio Vargas;16154.0;16602.0;448.0
Guareí;14565.0;15013.0;448.0
Boracéia;4268.0;4715.0;447.0
Pocinhos;17022.0;17469.0;447.0
Guararapes;30597.0;31043.0;446.0
Pinhal;2513.0;2959.0;446.0
Itaúba;4575.0;5020.0;445.0
Tabuleiro do Norte;30209.0;30652.0;443.0
São Roque de Minas;6686.0;7129.0;443.0
Esperança;30792.0;31231.0;439.0
Serranópolis do Iguaçu;4568.0;5007.0;439.0
Vila Flores;3207.0;3646.0;439.0
Macambira;6401.0;6838.0;437.0
Divisa Alegre;5884.0;6321.0;437.0
Moeda;4689.0;5125.0;436.0
Guaranésia;18714.0;19150.0;436.0
Serra Nova Dourada;1365.0;1800.0;435.0
Pium;6694.0;7128.0;434.0
Orocó;13180.0;13613.0;433.0
Inimutaba;6939.0;7371.0;432.0
Poço Fundo;15959.0;16390.0;431.0
Peixe-Boi;7854.0;8285.0;431.0
Taquaraçu de Minas;3794.0;4224.0;430.0
Chalé;5645.0;6075.0;430.0
Herculândia;8696.0;9125.0;429.0
Maquiné;6989.0;7418.0;429.0
Mauriti;45132.0;45561.0;429.0
Campo Grande do Piauí;5592.0;6020.0;428.0
Ipaba;16708.0;17136.0;428.0
São Domingos do Maranhão;33607.0;34034.0;427.0
Lagoa d'Anta;6227.0;6654.0;427.0
Caiuá;5039.0;5466.0;427.0
Itapirapuã Paulista;3880.0;4306.0;426.0
Riachão do Bacamarte;4264.0;4690.0;426.0
Conceição da Feira;20375.0;20800.0;425.0
Oratórios;4493.0;4917.0;424.0
Iacanga;10013.0;10437.0;424.0
Itamogi;10349.0;10770.0;421.0
Borebi;2293.0;2713.0;420.0
Arambaré;3693.0;4112.0;419.0
Avelinópolis;2450.0;2868.0;418.0
Taquarana;18615.0;19032.0;417.0
Japorã;7731.0;8148.0;417.0
Tarumirim;14293.0;14709.0;416.0
Nossa Senhora das Dores;24580.0;24996.0;416.0
Cerro Largo;13289.0;13705.0;416.0
Croatá;17066.0;17481.0;415.0
Barão de Antonina;3116.0;3531.0;415.0
Ivaí;12815.0;13229.0;414.0
Senador Elói de Souza;5553.0;5965.0;412.0
Senador Sá;6852.0;7262.0;410.0
Simão Pereira;2537.0;2947.0;410.0
Wanderley;12558.0;12968.0;410.0
Chorozinho;19753.0;20163.0;410.0
Varre-Sai;9798.0;10207.0;409.0
Chã Grande;20137.0;20546.0;409.0
Cacimbas;6814.0;7223.0;409.0
Japonvar;7718.0;8127.0;409.0
Fernando Prestes;5534.0;5942.0;408.0
Jupiá;2148.0;2555.0;407.0
Vicentina;5929.0;6336.0;407.0
Fortaleza dos Nogueiras;12234.0;12640.0;406.0
Ponte Alta do Tocantins;7180.0;7586.0;406.0
Atílio Vivácqua;10135.0;10540.0;405.0
Cidade Gaúcha;11062.0;11467.0;405.0
Areal;11423.0;11828.0;405.0
Santana do Manhuaçu;8582.0;8987.0;405.0
Santa Bárbara de Goiás;5746.0;6149.0;403.0
Rio das Flores;8552.0;8954.0;402.0
Rio Fortuna;4446.0;4847.0;401.0
Águas Frias;2439.0;2839.0;400.0
Sandolândia;3326.0;3723.0;397.0
Monsenhor Tabosa;16753.0;17149.0;396.0
Olinda Nova do Maranhão;13181.0;13577.0;396.0
Marilena;6858.0;7253.0;395.0
Ribeirãozinho;2199.0;2593.0;394.0
Durandé;7423.0;7817.0;394.0
Silveiras;5792.0;6186.0;394.0
Goianá;3659.0;4053.0;394.0
São Gabriel da Palha;31859.0;32252.0;393.0
Inconfidentes;6908.0;7301.0;393.0
Pedro II;37502.0;37894.0;392.0
Boa Vista do Buricá;6574.0;6966.0;392.0
Lagoa de Dentro;7428.0;7819.0;391.0
Guairaçá;6197.0;6587.0;390.0
Luz;17486.0;17875.0;389.0
Mulungu do Morro;12763.0;13152.0;389.0
Camargo;2592.0;2981.0;389.0
Fortuna de Minas;2705.0;3093.0;388.0
Paraíso;9978.0;10366.0;388.0
Major Sales;3536.0;3924.0;388.0
Campina do Monte Alegre;5567.0;5954.0;387.0
Ponte Nova;57390.0;57776.0;386.0
Carandaí;23427.0;23812.0;385.0
São José dos Ramos;5508.0;5891.0;383.0
Campo do Tenente;7125.0;7508.0;383.0
Axixá;11407.0;11790.0;383.0
Paraí;6812.0;7194.0;382.0
Tartarugalzinho;12563.0;12945.0;382.0
Panorama;14583.0;14964.0;381.0
Rubim;9919.0;10298.0;379.0
Dirceu Arcoverde;6675.0;7054.0;379.0
Piedade dos Gerais;4640.0;5019.0;379.0
Tenente Ananias;9883.0;10262.0;379.0
Itaporanga;37647.0;38025.0;378.0
Aurora;30117.0;30494.0;377.0
Ângulo;2859.0;3235.0;376.0
Anitápolis;3218.0;3593.0;375.0
Vargem Alta;19188.0;19563.0;375.0
Conquista D'Oeste;3385.0;3760.0;375.0
Mirassolândia;4295.0;4669.0;374.0
Campestre de Goiás;3382.0;3755.0;373.0
Dom Pedro;22681.0;23053.0;372.0
Itaju;3246.0;3618.0;372.0
Anastácio;23744.0;24114.0;370.0
Jesuânia;4768.0;5138.0;370.0
Goiatins;12064.0;12433.0;369.0
São José de Ubá;6702.0;7070.0;368.0
Acarape;13661.0;14027.0;366.0
Dom Joaquim;4535.0;4899.0;364.0
Quatá;12799.0;13163.0;364.0
Sanclerlândia;7554.0;7918.0;364.0
Mulungu;18997.0;19360.0;363.0
Coronel Barros;2459.0;2822.0;363.0
Alvorada do Norte;8084.0;8446.0;362.0
Tocantins;15823.0;16185.0;362.0
Ilha Grande;8914.0;9274.0;360.0
Bernardino Batista;3145.0;3504.0;359.0
Cardoso Moreira;12600.0;12958.0;358.0
Ribeirão Branco;18269.0;18627.0;358.0
Zacarias;2335.0;2692.0;357.0
São José do Jacuípe;9830.0;10187.0;357.0
Icém;7462.0;7819.0;357.0
Osvaldo Cruz;30917.0;31272.0;355.0
Guatapará;6966.0;7320.0;354.0
Cordeiro;20430.0;20783.0;353.0
Pau D'Arco;10621.0;10974.0;353.0
Pouso Alto;6213.0;6566.0;353.0
Barra do Ouro;4123.0;4476.0;353.0
São José do Hortêncio;4094.0;4447.0;353.0
Rafard;8612.0;8965.0;353.0
Santo Antônio do Leste;3748.0;4099.0;351.0
Pinhalão;6215.0;6566.0;351.0
Sampaio;3864.0;4215.0;351.0
Carmópolis;13503.0;13853.0;350.0
Orindiúva;5675.0;6024.0;349.0
Campos Novos Paulista;4539.0;4888.0;349.0
Lagoa de Pedras;6989.0;7338.0;349.0
Pariconha;10227.0;10573.0;346.0
São Félix do Tocantins;1437.0;1783.0;346.0
Pinheiro Preto;3127.0;3473.0;346.0
Presidente Sarney;17165.0;17511.0;346.0
Chuí;5917.0;6262.0;345.0
Cunha Porã;10609.0;10953.0;344.0
Pires Ferreira;10263.0;10606.0;343.0
Alto Parnaíba;10766.0;11109.0;343.0
Codajás;23206.0;23549.0;343.0
Córrego Fundo;5790.0;6133.0;343.0
Bocaina de Minas;5007.0;5348.0;341.0
Malta;5706.0;6046.0;340.0
Reginópolis;7323.0;7662.0;339.0
Santa Terezinha de Goiás;10306.0;10645.0;339.0
Alcantil;5239.0;5578.0;339.0
São José da Varginha;4198.0;4536.0;338.0
Rebouças;14176.0;14514.0;338.0
Juarez Távora;7459.0;7796.0;337.0
Caiana;4968.0;5304.0;336.0
Mari;21176.0;21512.0;336.0
Timóteo;81243.0;81579.0;336.0
Camalaú;5749.0;6085.0;336.0
Três Palmeiras;4381.0;4716.0;335.0
Tupirama;1574.0;1909.0;335.0
Ribeirão Corrente;4273.0;4608.0;335.0
Braúna;5021.0;5356.0;335.0
Rio Pomba;17110.0;17443.0;333.0
Guaraciama;4718.0;5051.0;333.0
Pirapemas;17381.0;17714.0;333.0
Bom Princípio do Piauí;5304.0;5636.0;332.0
Dom Basílio;11553.0;11884.0;331.0
Wagner;9173.0;9503.0;330.0
Sebastião Leal;4116.0;4446.0;330.0
Tabaí;4131.0;4461.0;330.0
São Bento do Norte;2975.0;3304.0;329.0
Campina da Lagoa;15394.0;15723.0;329.0
Cromínia;3555.0;3883.0;328.0
Arês;12924.0;13251.0;327.0
São José do Seridó;4231.0;4558.0;327.0
Pimenta;8236.0;8563.0;327.0
Ametista do Sul;7323.0;7650.0;327.0
Santana do Mundaú;10997.0;11323.0;326.0
Canavieiras;32357.0;32683.0;326.0
Bicas;13653.0;13978.0;325.0
São Vicente do Seridó;9966.0;10291.0;325.0
Fernandes Pinheiro;5932.0;6255.0;323.0
Olho D'Água do Piauí;2314.0;2637.0;323.0
São José do Sul;2058.0;2380.0;322.0
Catuji;6708.0;7030.0;322.0
Couto Magalhães;5009.0;5331.0;322.0
Natividade da Serra;6678.0;6999.0;321.0
Corumbataí;3874.0;4195.0;321.0
Jerônimo Monteiro;11255.0;11575.0;320.0
Nova Esperança do Piriá;20158.0;20478.0;320.0
Nossa Senhora dos Remédios;8206.0;8525.0;319.0
Pantano Grande;9895.0;10212.0;317.0
Resende Costa;10913.0;11230.0;317.0
Telha;2957.0;3274.0;317.0
Pombal;32157.0;32473.0;316.0
Nova Laranjeiras;11759.0;12074.0;315.0
Monte Alegre do Piauí;10345.0;10660.0;315.0
São Sebastião da Vargem Alegre;2798.0;3113.0;315.0
Nazário;7874.0;8189.0;315.0
Camocim de São Félix;17104.0;17419.0;315.0
Bela Vista do Piauí;3778.0;4091.0;313.0
Laguna Carapã;6486.0;6799.0;313.0
Gameleira de Goiás;3143.0;3456.0;313.0
Lastro;2850.0;3162.0;312.0
Paulistânia;1779.0;2090.0;311.0
Monte Santo do Tocantins;2085.0;2396.0;311.0
Nova Candelária;2751.0;3061.0;310.0
Aimorés;24959.0;25269.0;310.0
Anísio de Abreu;9098.0;9407.0;309.0
Urucânia;10291.0;10600.0;309.0
Santana do São Francisco;7038.0;7346.0;308.0
Santa Bárbara do Monte Verde;2788.0;3095.0;307.0
Morro Reuter;5722.0;6029.0;307.0
Coivaras;3811.0;4117.0;306.0
Ipuã;14148.0;14454.0;306.0
Mira Estrela;2820.0;3126.0;306.0
Westfália;2793.0;3098.0;305.0
São José do Rio Pardo;51900.0;52205.0;305.0
Itutinga;3913.0;4217.0;304.0
Buritizal;4053.0;4356.0;303.0
Aguanil;4054.0;4357.0;303.0
Vila Flor;2872.0;3174.0;302.0
Lindóia;6712.0;7014.0;302.0
Macedônia;3664.0;3963.0;299.0
Novo Itacolomi;2827.0;3125.0;298.0
Igaporã;15229.0;15527.0;298.0
Geminiano;5148.0;5445.0;297.0
Analândia;4293.0;4589.0;296.0
Planalto Alegre;2650.0;2946.0;296.0
Sumidouro;14911.0;15206.0;295.0
Palminópolis;3556.0;3851.0;295.0
Novo Barreiro;3978.0;4272.0;294.0
Pratinha;3265.0;3559.0;294.0
Piracema;6406.0;6700.0;294.0
Joca Marques;5100.0;5394.0;294.0
São Jorge d'Oeste;9085.0;9378.0;293.0
Serra do Navio;4380.0;4673.0;293.0
Sertanópolis;15638.0;15930.0;292.0
Boninal;13330.0;13622.0;292.0
Rio Manso;5276.0;5568.0;292.0
Rio do Fogo;10059.0;10351.0;292.0
Quiterianópolis;19921.0;20213.0;292.0
Abelardo Luz;17100.0;17392.0;292.0
Capistrano;16963.0;17254.0;291.0
Brochier;4675.0;4966.0;291.0
Arealva;7841.0;8130.0;289.0
Patrocínio do Muriaé;5287.0;5576.0;289.0
Inhangapi;10037.0;10325.0;288.0
Madre de Deus de Minas;4904.0;5191.0;287.0
São Francisco do Oeste;3874.0;4161.0;287.0
Borda da Mata;17118.0;17404.0;286.0
Pingo-d'Água;4420.0;4706.0;286.0
Anhumas;3738.0;4023.0;285.0
Virgínia;8623.0;8908.0;285.0
Capitão;2636.0;2921.0;285.0
Bandeirantes do Tocantins;3122.0;3407.0;285.0
Cabeceiras do Piauí;9928.0;10212.0;284.0
Pilõezinhos;5046.0;5329.0;283.0
Imbuia;5699.0;5982.0;283.0
Chácara;2792.0;3075.0;283.0
Gavião Peixoto;4419.0;4702.0;283.0
Lagoinha do Piauí;2656.0;2939.0;283.0
Tunápolis;4633.0;4916.0;283.0
Bom Jardim de Minas;6501.0;6783.0;282.0
Luciara;2227.0;2509.0;282.0
Glória do Goitá;29065.0;29347.0;282.0
Itaquara;7871.0;8153.0;282.0
Conceição do Canindé;4650.0;4932.0;282.0
Portalegre;7320.0;7601.0;281.0
Matinhas;4290.0;4571.0;281.0
Uruçuca;21140.0;21420.0;280.0
Munhoz de Melo;3672.0;3951.0;279.0
Paraibuna;17388.0;17667.0;279.0
Pindaré-Mirim;31152.0;31429.0;277.0
Turvolândia;4658.0;4935.0;277.0
Santa Maria do Herval;6063.0;6340.0;277.0
Ingá;17415.0;17692.0;277.0
Ibicuitinga;11335.0;11611.0;276.0
São Vendelino;1975.0;2251.0;276.0
Passa Tempo;8197.0;8473.0;276.0
Ipanguaçu;13856.0;14131.0;275.0
Prado Ferreira;3434.0;3709.0;275.0
Santa Cruz da Conceição;4002.0;4277.0;275.0
Iguape;28841.0;29115.0;274.0
Professor Jamil;3375.0;3649.0;274.0
Mallet;13156.0;13428.0;272.0
Nova Santa Bárbara;3912.0;4184.0;272.0
Alvorada do Gurguéia;5050.0;5322.0;272.0
Água Doce do Norte;11771.0;12042.0;271.0
Bilac;7048.0;7319.0;271.0
Buenos Aires;12537.0;12808.0;271.0
Dormentes;16917.0;17188.0;271.0
Jaborá;4041.0;4310.0;269.0
Ingazeira;4496.0;4765.0;269.0
Marcos Parente;4456.0;4724.0;268.0
Edealina;3733.0;4001.0;268.0
Laranja da Terra;10826.0;11094.0;268.0
Aramina;5152.0;5420.0;268.0
Indiana;4825.0;5090.0;265.0
Condado;30773.0;31038.0;265.0
Santana do Itararé;5249.0;5514.0;265.0
São Francisco de Goiás;6114.0;6378.0;264.0
Marianópolis do Tocantins;4352.0;4615.0;263.0
Salto Grande;8787.0;9050.0;263.0
Pirangi;10623.0;10885.0;262.0
Antonina do Norte;6984.0;7245.0;261.0
Eugenópolis;10540.0;10801.0;261.0
Arenápolis;10316.0;10576.0;260.0
Rio do Campo;6192.0;6452.0;260.0
Riacho de Santo Antônio;1696.0;1955.0;259.0
Nova Itaberaba;4278.0;4536.0;258.0
Jumirim;2798.0;3056.0;258.0
Santa Tereza do Tocantins;2523.0;2781.0;258.0
Quinze de Novembro;3653.0;3910.0;257.0
Conceição do Pará;5158.0;5415.0;257.0
Conceição do Castelo;11681.0;11937.0;256.0
Junco do Maranhão;4891.0;5146.0;255.0
Treviso;3527.0;3782.0;255.0
Inaciolândia;5699.0;5954.0;255.0
Colorado;25899.0;26154.0;255.0
Ribeirão Vermelho;3826.0;4080.0;254.0
Riacho dos Cavalos;8239.0;8493.0;254.0
Datas;5211.0;5465.0;254.0
Campo Erê;9370.0;9623.0;253.0
Vazante;19723.0;19975.0;252.0
Baía Formosa;8573.0;8825.0;252.0
Senador Cortes;1988.0;2240.0;252.0
São Francisco do Guaporé;16035.0;16286.0;251.0
Cariri do Tocantins;3756.0;4007.0;251.0
Caridade do Piauí;4783.0;5033.0;250.0
Arvoredo;2260.0;2510.0;250.0
Taparuba;3137.0;3387.0;250.0
Monteirópolis;6934.0;7184.0;250.0
São Tomé das Letras;6655.0;6904.0;249.0
Lagoa Alegre;8008.0;8256.0;248.0
Alto Paraná;13663.0;13909.0;246.0
Congo;4687.0;4933.0;246.0
Caseara;4601.0;4847.0;246.0
Santa Margarida do Sul;2352.0;2596.0;244.0
Carolina;23818.0;24062.0;244.0
Santa Cruz de Minas;7865.0;8109.0;244.0
Cunha;21866.0;22110.0;244.0
Bertolínia;5319.0;5562.0;243.0
Cabaceiras;5092.0;5335.0;243.0
Lagoinha;4841.0;5083.0;242.0
Ponte Branca;1768.0;2008.0;240.0
Natalândia;3280.0;3520.0;240.0
Afonso Cunha;5905.0;6144.0;239.0
Vila Pavão;8672.0;8911.0;239.0
Ibiapina;23726.0;23965.0;239.0
Nova Granada;19180.0;19419.0;239.0
Bandeirante;2906.0;3144.0;238.0
Lagoa da Canoa;18219.0;18457.0;238.0
Piraí do Sul;23413.0;23651.0;238.0
Tanguá;30848.0;31086.0;238.0
Pedra do Indaiá;3875.0;4112.0;237.0
Saubara;11201.0;11438.0;237.0
Várzea Nova;13141.0;13377.0;236.0
Brejão;8844.0;9079.0;235.0
Ichu;5957.0;6190.0;233.0
São Carlos do Ivaí;6354.0;6587.0;233.0
Presidente Bernardes;19107.0;19340.0;233.0
Paula Freitas;5434.0;5666.0;232.0
Marmelópolis;2968.0;3200.0;232.0
São Pedro da Serra;3316.0;3548.0;232.0
Piacatu;5287.0;5519.0;232.0
Pompéia;19964.0;20196.0;232.0
Juazeirinho;16776.0;17007.0;231.0
Ribeirão do Sul;4446.0;4677.0;231.0
Santo Antônio do Aventureiro;3538.0;3769.0;231.0
Curralinhos;4183.0;4413.0;230.0
Pedranópolis;2558.0;2787.0;229.0
Barra do Quaraí;4012.0;4241.0;229.0
Fama;2350.0;2578.0;228.0
Ipaporanga;11347.0;11575.0;228.0
São João dos Patos;24793.0;25020.0;227.0
Santa Rita de Minas;6547.0;6773.0;226.0
Nova Itarana;7554.0;7780.0;226.0
Bocaina do Sul;3290.0;3515.0;225.0
Coronel Sapucaia;14064.0;14289.0;225.0
Itueta;5830.0;6055.0;225.0
Nazareno;7954.0;8179.0;225.0
Machadinho;5510.0;5735.0;225.0
Nova Monte Verde;8089.0;8313.0;224.0
Florestópolis;11222.0;11446.0;224.0
Medeiros Neto;21971.0;22194.0;223.0
João Ramalho;4150.0;4371.0;221.0
Cândido Rodrigues;2668.0;2889.0;221.0
Lupionópolis;4592.0;4813.0;221.0
Coxim;31930.0;32151.0;221.0
Senador La Rocque;14479.0;14700.0;221.0
São Luiz do Norte;4617.0;4837.0;220.0
Entre-Ijuís;8938.0;9158.0;220.0
Itaiçaba;7316.0;7536.0;220.0
Ermo;2050.0;2269.0;219.0
Carnaubais;9495.0;9714.0;219.0
Cubati;7361.0;7580.0;219.0
São Domingos das Dores;5408.0;5626.0;218.0
São João do Rio do Peixe;17746.0;17964.0;218.0
Cocal de Telha;4694.0;4911.0;217.0
Sericita;7128.0;7345.0;217.0
Paranapuã;3815.0;4031.0;216.0
Tamboara;4664.0;4880.0;216.0
Madeiro;7816.0;8032.0;216.0
Aracoiaba;25338.0;25553.0;215.0
Muricilândia;3152.0;3367.0;215.0
São João do Oeste;6080.0;6295.0;215.0
Antônio Prado;12831.0;13045.0;214.0
Sete Quedas;10780.0;10994.0;214.0
Picada Café;5138.0;5351.0;213.0
Lajeado Grande;1490.0;1702.0;212.0
Santa Branca;13763.0;13975.0;212.0
Simões;14138.0;14350.0;212.0
São Luiz Gonzaga;34540.0;34752.0;212.0
Nicolau Vergueiro;1721.0;1932.0;211.0
Santa Rosa de Lima;5814.0;6025.0;211.0
Vermelho Novo;4689.0;4899.0;210.0
Felipe Guerra;5734.0;5944.0;210.0
Fartura do Piauí;5074.0;5284.0;210.0
Imaruí;11673.0;11881.0;208.0
Salvador das Missões;2669.0;2877.0;208.0
Loreto;11390.0;11597.0;207.0
Novo Acordo;3762.0;3969.0;207.0
Exu;31636.0;31843.0;207.0
Princesa;2758.0;2964.0;206.0
Cabeceiras;7354.0;7560.0;206.0
Capitão de Campos;10894.0;11100.0;206.0
São José do Inhacorá;2200.0;2406.0;206.0
Betânia do Piauí;6015.0;6220.0;205.0
Corumbá de Goiás;10357.0;10562.0;205.0
Batalha;42543.0;42748.0;205.0
Paranã;10338.0;10542.0;204.0
Moraújo;8050.0;8254.0;204.0
Coronel Freitas;10184.0;10388.0;204.0
Caxambu do Sul;4411.0;4614.0;203.0
Apiúna;9611.0;9811.0;200.0
Aroeiras do Itaim;2490.0;2690.0;200.0
Senador José Bento;1868.0;2068.0;200.0
Botuporã;10824.0;11024.0;200.0
Lobato;4401.0;4601.0;200.0
Vera Mendes;2986.0;3185.0;199.0
Dores do Rio Preto;6397.0;6596.0;199.0
Alterosa;13717.0;13915.0;198.0
Santa Salete;1447.0;1645.0;198.0
Dionísio Cerqueira;14811.0;15008.0;197.0
Potiraguá;10077.0;10274.0;197.0
São Pedro do Butiá;2873.0;3070.0;197.0
Santo Expedito;2803.0;3000.0;197.0
Poloni;5395.0;5592.0;197.0
Itatuba;10302.0;10499.0;197.0
Caraúbas;23475.0;23671.0;196.0
Tamboril do Piauí;2753.0;2949.0;196.0
Rio Grande da Serra;43974.0;44170.0;196.0
Flor do Sertão;1588.0;1783.0;195.0
Nova Esperança do Sul;4671.0;4865.0;194.0
Luzerna;5600.0;5794.0;194.0
Itaoca;3228.0;3422.0;194.0
Aracatu;13743.0;13936.0;193.0
Bernardo do Mearim;5647.0;5840.0;193.0
Queimada Nova;8546.0;8738.0;192.0
Vila Maria;4221.0;4413.0;192.0
Águia Branca;9519.0;9711.0;192.0
Cavalcante;9392.0;9583.0;191.0
Água Santa;3722.0;3912.0;190.0
Santa Rita d'Oeste;2543.0;2733.0;190.0
São Sebastião do Rio Verde;2110.0;2300.0;190.0
Santa Fé de Goiás;4762.0;4951.0;189.0
Gracho Cardoso;5645.0;5834.0;189.0
São Bentinho;4138.0;4327.0;189.0
Senhora dos Remédios;10196.0;10384.0;188.0
Mairipotaba;2374.0;2561.0;187.0
Britânia;5509.0;5695.0;186.0
Santiago do Sul;1465.0;1651.0;186.0
Monsenhor Hipólito;7391.0;7577.0;186.0
Pequeri;3165.0;3351.0;186.0
Peçanha;17260.0;17446.0;186.0
Coronel Xavier Chaves;3301.0;3486.0;185.0
Abreulândia;2391.0;2576.0;185.0
Avelino Lopes;10681.0;10866.0;185.0
São Miguel de Taipu;6881.0;7066.0;185.0
Esperantinópolis;18126.0;18311.0;185.0
Balbinos;3702.0;3887.0;185.0
Arabutã;4193.0;4378.0;185.0
Bom Jesus do Sul;3796.0;3980.0;184.0
Nova Iguaçu de Goiás;2826.0;3010.0;184.0
Cafezal do Sul;4290.0;4473.0;183.0
Santo Antônio do Jardim;5943.0;6126.0;183.0
Chapadão do Lageado;2767.0;2950.0;183.0
São João da Mata;2731.0;2914.0;183.0
Cacimbinhas;10300.0;10482.0;182.0
Benedito Novo;10338.0;10520.0;182.0
Alto Feliz;2891.0;3072.0;181.0
São Francisco do Maranhão;11883.0;12064.0;181.0
Monsenhor Paulo;8161.0;8340.0;179.0
Alto do Rodrigues;12305.0;12484.0;179.0
Lucélia;19882.0;20061.0;179.0
Selbach;4929.0;5107.0;178.0
Sossêgo;3169.0;3345.0;176.0
Timbó Grande;7167.0;7342.0;175.0
Rochedo de Minas;2116.0;2291.0;175.0
Lajes Pintadas;4612.0;4787.0;175.0
Urupema;2482.0;2656.0;174.0
Cabeceira Grande;6453.0;6627.0;174.0
Porto dos Gaúchos;5420.0;5593.0;173.0
Itapirapuã;7835.0;8007.0;172.0
Buriti de Goiás;2560.0;2732.0;172.0
Japoatã;13236.0;13407.0;171.0
São Francisco de Assis do Piauí;5402.0;5572.0;170.0
São Pedro do Paraná;2491.0;2661.0;170.0
Santana do Seridó;2526.0;2696.0;170.0
Maravilhas;7163.0;7333.0;170.0
Quadra;3236.0;3405.0;169.0
Conquista;6526.0;6694.0;168.0
Rio dos Bois;2570.0;2738.0;168.0
Matias Olímpio;10473.0;10641.0;168.0
Ocauçu;4163.0;4331.0;168.0
Santanópolis;8549.0;8716.0;167.0
São João da Lagoa;4656.0;4822.0;166.0
Cônego Marinho;7071.0;7237.0;166.0
Chapada de Areia;1335.0;1501.0;166.0
Cássia dos Coqueiros;2634.0;2799.0;165.0
Cristina;10210.0;10374.0;164.0
Paial;1763.0;1927.0;164.0
Américo de Campos;5706.0;5870.0;164.0
Luminárias;5422.0;5586.0;164.0
Chapada;9377.0;9540.0;163.0
Santa Cruz da Esperança;1953.0;2116.0;163.0
Bela Vista de Minas;10004.0;10167.0;163.0
Ibertioga;5036.0;5198.0;162.0
Coroados;5238.0;5400.0;162.0
São José do Mantimento;2592.0;2753.0;161.0
Atalaia do Norte;15153.0;15314.0;161.0
Várzea;7740.0;7901.0;161.0
Lajedão;3685.0;3845.0;160.0
Descoberto;4768.0;4928.0;160.0
Carmésia;2446.0;2605.0;159.0
Capão Bonito;46178.0;46337.0;159.0
Jaboticabal;71662.0;71821.0;159.0
Santa Rosa da Serra;3224.0;3382.0;158.0
Álvaro de Carvalho;4650.0;4808.0;158.0
Rio Crespo;3316.0;3471.0;155.0
Porto;11897.0;12052.0;155.0
Angical do Piauí;6672.0;6827.0;155.0
Poço das Antas;2017.0;2171.0;154.0
Passa Vinte;2079.0;2233.0;154.0
Zabelê;2075.0;2228.0;153.0
Tenório;2813.0;2966.0;153.0
Taquaruçu do Sul;2966.0;3119.0;153.0
Icaraíma;8839.0;8991.0;152.0
Contendas do Sincorá;4181.0;4333.0;152.0
Silvianópolis;6027.0;6179.0;152.0
Ibema;6066.0;6218.0;152.0
Santa Isabel do Ivaí;8760.0;8912.0;152.0
Porto Firme;10417.0;10569.0;152.0
Cachoeira de Pajeú;8959.0;9110.0;151.0
São Patrício;1993.0;2143.0;150.0
Junco do Seridó;6643.0;6793.0;150.0
Currais;4704.0;4854.0;150.0
Areado;13731.0;13881.0;150.0
Matinha;21885.0;22034.0;149.0
Mariana Pimentel;3768.0;3916.0;148.0
Vitor Meireles;5222.0;5370.0;148.0
Serra Grande;2794.0;2942.0;148.0
Tucano;48589.0;48736.0;147.0
São Sebastião de Lagoa de Roça;10893.0;11040.0;147.0
Macuco;5269.0;5415.0;146.0
Espírito Santo;10475.0;10620.0;145.0
Santo Antônio do Grama;4085.0;4229.0;144.0
Tapera;10448.0;10592.0;144.0
São Domingos do Cariri;2441.0;2585.0;144.0
Barra D'Alcântara;3852.0;3995.0;143.0
Riozinho;4330.0;4473.0;143.0
Roca Sales;10275.0;10418.0;143.0
São João do Manteninha;5188.0;5331.0;143.0
Cajati;28372.0;28515.0;143.0
Várzea Branca;4913.0;5055.0;142.0
Cafarnaum;17324.0;17466.0;142.0
Soledade;43818.0;43959.0;141.0
Aratuípe;8536.0;8677.0;141.0
Senador Georgino Avelino;3924.0;4065.0;141.0
Bugre;3900.0;4041.0;141.0
Lagoa dos Três Cantos;1598.0;1738.0;140.0
Bom Jesus das Selvas;28459.0;28599.0;140.0
Governador Lindenberg;10869.0;11009.0;140.0
Bom Jesus do Amparo;5491.0;5631.0;140.0
São João do Pau d'Alho;2103.0;2242.0;139.0
Belém do Piauí;3284.0;3423.0;139.0
Terra Alta;10262.0;10400.0;138.0
Iomerê;2739.0;2877.0;138.0
Trabiju;1544.0;1682.0;138.0
Resplendor;17089.0;17226.0;137.0
Várzea da Roça;13663.0;13800.0;137.0
Catolândia;3297.0;3434.0;137.0
São José do Alegre;3996.0;4133.0;137.0
Nova Colinas;4885.0;5021.0;136.0
Uru;1251.0;1387.0;136.0
São Bento Abade;4577.0;4713.0;136.0
Pinhal de São Bento;2625.0;2761.0;136.0
Piçarra;12697.0;12832.0;135.0
Urubici;10699.0;10834.0;135.0
Lajeado Novo;6923.0;7057.0;134.0
Quedas do Iguaçu;30605.0;30738.0;133.0
Alexandria;13507.0;13640.0;133.0
Lagoa Vermelha;27527.0;27659.0;132.0
Salvador do Sul;6747.0;6879.0;132.0
Indiaporã;3903.0;4035.0;132.0
Japira;4841.0;4972.0;131.0
Picuí;18202.0;18333.0;131.0
Barra Funda;2367.0;2498.0;131.0
Silveirânia;2192.0;2323.0;131.0
Vista Serrana;3511.0;3641.0;130.0
Floresta do Araguaia;17768.0;17898.0;130.0
Indianópolis;10489.0;10619.0;130.0
Gentio do Ouro;10755.0;10884.0;129.0
Santo Amaro do Maranhão;13820.0;13949.0;129.0
Santa Rita do Itueto;5697.0;5826.0;129.0
Arvorezinha;10194.0;10322.0;128.0
Mampituba;3003.0;3131.0;128.0
Pains;8014.0;8142.0;128.0
São José do Sabugi;4010.0;4138.0;128.0
São José das Palmeiras;3830.0;3957.0;127.0
Oliveira de Fátima;1037.0;1164.0;127.0
Itaberá;17858.0;17983.0;125.0
Lafaiete Coutinho;3950.0;4075.0;125.0
Muniz Ferreira;7065.0;7190.0;125.0
Santa Mercedes;2831.0;2956.0;125.0
Pedras Grandes;4120.0;4245.0;125.0
Bocaina;15212.0;15337.0;125.0
Rio das Antas;6129.0;6253.0;124.0
Comodoro;18114.0;18238.0;124.0
Pau D'Arco do Piauí;3757.0;3880.0;123.0
Nova Roma do Sul;3343.0;3466.0;123.0
Malhada dos Bois;3456.0;3579.0;123.0
Lucianópolis;2249.0;2372.0;123.0
São Gonçalo do Gurguéia;2825.0;2947.0;122.0
Juranda;7649.0;7771.0;122.0
Ewbank da Câmara;3753.0;3875.0;122.0
Morro Grande;2890.0;3010.0;120.0
Espigão Alto do Iguaçu;4677.0;4797.0;120.0
Serrinha dos Pintos;4540.0;4659.0;119.0
Remígio;17766.0;17885.0;119.0
Campos Borges;3494.0;3613.0;119.0
Salete;7370.0;7489.0;119.0
Arco-Íris;1925.0;2044.0;119.0
Pinhal da Serra;2130.0;2248.0;118.0
Floresta Azul;10941.0;11059.0;118.0
Olhos-d'Água;5267.0;5385.0;118.0
Alto Rio Novo;7317.0;7434.0;117.0
Viradouro;17297.0;17414.0;117.0
Caldas Brandão;5637.0;5753.0;116.0
São Pedro do Piauí;13639.0;13755.0;116.0
Claraval;4542.0;4658.0;116.0
Jucás;23807.0;23922.0;115.0
Pinto Bandeira;2609.0;2723.0;114.0
Lajeado do Bugre;2487.0;2601.0;114.0
Colônia do Gurguéia;6036.0;6150.0;114.0
Inhuma;14845.0;14958.0;113.0
Antônio Almeida;3039.0;3152.0;113.0
Granito;6855.0;6967.0;112.0
Presidente Kubitschek;2959.0;3071.0;112.0
Dolcinópolis;2096.0;2207.0;111.0
Novo Oriente;27435.0;27545.0;110.0
Flórida Paulista;12848.0;12958.0;110.0
Flórida;2543.0;2652.0;109.0
Pranchita;5628.0;5737.0;109.0
Sentinela do Sul;5198.0;5306.0;108.0
Jandaia;6164.0;6272.0;108.0
Angelina;5250.0;5358.0;108.0
Rondon;8989.0;9097.0;108.0
General Maynard;2929.0;3037.0;108.0
Jerumenha;4390.0;4497.0;107.0
Malhada de Pedras;8563.0;8670.0;107.0
Caraúbas do Piauí;5525.0;5630.0;105.0
Miraselva;1862.0;1966.0;104.0
Palestina;15697.0;15801.0;104.0
Mariópolis;6268.0;6371.0;103.0
Taquarussu;3522.0;3625.0;103.0
Vargeão;3532.0;3634.0;102.0
Santo Antônio do Planalto;1987.0;2089.0;102.0
Jaguaraçu;2990.0;3092.0;102.0
Ribamar Fiquene;7318.0;7420.0;102.0
Borá;805.0;907.0;102.0
Dom Viçoso;2994.0;3095.0;101.0
Carrancas;3948.0;4049.0;101.0
Jucurutu;17692.0;17793.0;101.0
Capivari do Sul;3890.0;3991.0;101.0
Morro Agudo de Goiás;2356.0;2456.0;100.0
Amarante;17135.0;17234.0;99.0
Sebastianópolis do Sul;3031.0;3130.0;99.0
Brejo Grande;7742.0;7841.0;99.0
Três Ranchos;2822.0;2921.0;99.0
Aragarças;18292.0;18390.0;98.0
Doutor Pedrinho;3539.0;3637.0;98.0
Pedra Grande;3521.0;3618.0;97.0
Andaraí;12983.0;13080.0;97.0
Chavantes;12114.0;12211.0;97.0
Capitão Gervásio Oliveira;3878.0;3974.0;96.0
Fervedouro;10349.0;10445.0;96.0
Marumbi;4603.0;4699.0;96.0
Luzinópolis;2622.0;2717.0;95.0
Formosa do Oeste;7541.0;7635.0;94.0
Ipiranga do Piauí;9327.0;9420.0;93.0
Fernão;1563.0;1656.0;93.0
Torixoréu;4071.0;4164.0;93.0
Arantina;2823.0;2915.0;92.0
Carmo da Mata;10927.0;11019.0;92.0
Dona Euzébia;6001.0;6093.0;92.0
Tupãssi;7985.0;8077.0;92.0
Jati;7769.0;7861.0;92.0
Santa Rita do Tocantins;2128.0;2219.0;91.0
Barroquinha;14476.0;14567.0;91.0
São Miguel do Tapuio;17463.0;17554.0;91.0
São Fernando;3401.0;3492.0;91.0
Caibi;6214.0;6304.0;90.0
Salto Veloso;4301.0;4390.0;89.0
Curral Novo do Piauí;4984.0;5073.0;89.0
Erebango;2965.0;3054.0;89.0
Doutor Severiano;6956.0;7044.0;88.0
Divisa Nova;5763.0;5851.0;88.0
Barra do Jacaré;2727.0;2814.0;87.0
Ramilândia;4134.0;4221.0;87.0
Combinado;4669.0;4756.0;87.0
Faina;6983.0;7070.0;87.0
Canaã;4628.0;4715.0;87.0
Guaimbê;5425.0;5512.0;87.0
São João da Paraúna;1688.0;1774.0;86.0
Messias Targino;4188.0;4274.0;86.0
Bela Vista da Caroba;3945.0;4031.0;86.0
Santa Rosa do Tocantins;4568.0;4653.0;85.0
Fernando Pedroza;2854.0;2938.0;84.0
Cerro Corá;10916.0;11000.0;84.0
Sítio d'Abadia;2843.0;2927.0;84.0
Cunhataí;1884.0;1968.0;84.0
Caririaçu;26236.0;26320.0;84.0
Gurjão;3159.0;3242.0;83.0
Mato Castelhano;2470.0;2553.0;83.0
Angicos;11549.0;11632.0;83.0
Água Comprida;2025.0;2108.0;83.0
Cruzeiro da Fortaleza;3438.0;3521.0;83.0
São Gonçalo do Piauí;4754.0;4837.0;83.0
Damião;4900.0;4982.0;82.0
Sarutaiá;3622.0;3704.0;82.0
Nova Boa Vista;1960.0;2042.0;82.0
Caraá;7312.0;7394.0;82.0
Formosa do Sul;2601.0;2682.0;81.0
Sambaíba;5487.0;5568.0;81.0
Juvenília;5708.0;5789.0;81.0
Alagoinha;27186.0;27267.0;81.0
Imigrante;3000.0;3080.0;80.0
Serrania;7542.0;7621.0;79.0
Alto Jequitibá;8318.0;8397.0;79.0
Sagres;2395.0;2474.0;79.0
Pequi;4076.0;4155.0;79.0
Santo Antônio dos Milagres;2059.0;2138.0;79.0
Nova América;2259.0;2337.0;78.0
Monte Alegre dos Campos;3102.0;3180.0;78.0
União do Sul;3760.0;3838.0;78.0
Miranorte;12623.0;12701.0;78.0
Timbé do Sul;5308.0;5386.0;78.0
Olho d'Água das Flores;20617.0;20695.0;78.0
Antônio Gonçalves;10785.0;10862.0;77.0
Campestre;27284.0;27361.0;77.0
Duartina;12251.0;12328.0;77.0
Ubarana;5289.0;5365.0;76.0
Taipas do Tocantins;1945.0;2021.0;76.0
Desterro;7991.0;8067.0;76.0
Ipiranga de Goiás;2843.0;2919.0;76.0
Kaloré;4506.0;4582.0;76.0
Faxinal;16314.0;16389.0;75.0
Aquidabã;20056.0;20131.0;75.0
Rosário do Catete;9221.0;9295.0;74.0
Ipaumirim;12009.0;12083.0;74.0
Águas de São Pedro;2707.0;2780.0;73.0
Poranga;11992.0;12065.0;73.0
Barra do Guarita;3089.0;3161.0;72.0
Lapa;44932.0;45003.0;71.0
Aiuruoca;6162.0;6233.0;71.0
Carnaíba;18574.0;18644.0;70.0
Porto Alegre do Tocantins;2796.0;2866.0;70.0
Sapucaí-Mirim;6241.0;6311.0;70.0
Joaquim Pires;13817.0;13886.0;69.0
Ritápolis;4925.0;4994.0;69.0
Presidente Olegário;18697.0;18765.0;68.0
Gentil;1677.0;1744.0;67.0
São João de Iracema;1780.0;1846.0;66.0
Mesópolis;1886.0;1952.0;66.0
Miguel Leão;1253.0;1318.0;65.0
São Jorge;2848.0;2912.0;64.0
Maranhãozinho;13697.0;13761.0;64.0
Sul Brasil;2768.0;2832.0;64.0
Cananéia;12226.0;12289.0;63.0
Coimbra;7054.0;7117.0;63.0
Ibiam;1945.0;2008.0;63.0
Frei Lagonegro;3329.0;3391.0;62.0
Iretama;10622.0;10684.0;62.0
São João do Polêsine;2588.0;2649.0;61.0
Brotas de Macaúbas;11705.0;11765.0;60.0
Baependi;18307.0;18366.0;59.0
Linha Nova;1624.0;1683.0;59.0
Vitória Brasil;1737.0;1794.0;57.0
Itariri;15471.0;15528.0;57.0
Varjão;3659.0;3716.0;57.0
Calmon;3387.0;3443.0;56.0
Coqueiro Seco;5526.0;5581.0;55.0
Céu Azul;11032.0;11087.0;55.0
Gabriel Monteiro;2708.0;2763.0;55.0
Arroio Trinta;3502.0;3556.0;54.0
Verê;7878.0;7932.0;54.0
Rio da Conceição;1714.0;1768.0;54.0
Grão-Pará;6223.0;6277.0;54.0
Itati;2584.0;2638.0;54.0
Pontalinda;4074.0;4127.0;53.0
Matutina;3761.0;3814.0;53.0
Coxixola;1771.0;1824.0;53.0
São Gonçalo do Sapucaí;23906.0;23959.0;53.0
Timbaúba dos Batistas;2295.0;2348.0;53.0
Bandeirantes;39161.0;39213.0;52.0
Ipiranga;14091.0;14142.0;51.0
Pedro Laurentino;2407.0;2458.0;51.0
Curral de Cima;5204.0;5254.0;50.0
Duas Barras;10930.0;10980.0;50.0
Lacerdópolis;2199.0;2248.0;49.0
Moita Bonita;11001.0;11050.0;49.0
Ipaussu;13663.0;13712.0;49.0
Cuité de Mamanguape;6202.0;6251.0;49.0
Bom Jesus do Oeste;2138.0;2187.0;49.0
Flores do Piauí;4366.0;4414.0;48.0
Tanquinho;7669.0;7717.0;48.0
Campinaçu;3660.0;3708.0;48.0
Governador Eugênio Barros;13883.0;13930.0;47.0
Carmo de Minas;13750.0;13797.0;47.0
Sulina;3394.0;3440.0;46.0
São Braz do Piauí;4313.0;4358.0;45.0
Itapiratins;3532.0;3577.0;45.0
São Sebastião do Umbuzeiro;3235.0;3279.0;44.0
Anahy;2874.0;2918.0;44.0
Alvorada do Sul;10283.0;10326.0;43.0
Nossa Senhora do Livramento;12897.0;12940.0;43.0
Pinheirinho do Vale;4497.0;4540.0;43.0
São João de Pirabas;20647.0;20689.0;42.0
Cajuri;4047.0;4088.0;41.0
Joviânia;7118.0;7159.0;41.0
Juscimeira;11439.0;11480.0;41.0
Curvelândia;4862.0;4903.0;41.0
Congonhinhas;8279.0;8320.0;41.0
Couto de Magalhães de Minas;4204.0;4245.0;41.0
Alagoa;2709.0;2749.0;40.0
São Pedro da Cipa;4151.0;4191.0;40.0
São Manoel do Paraná;2098.0;2138.0;40.0
Silvanópolis;5068.0;5108.0;40.0
São Valério;4383.0;4422.0;39.0
Albertina;2913.0;2952.0;39.0
São Romão;10276.0;10315.0;39.0
Tuparetama;7966.0;8005.0;39.0
Cachoeira da Prata;3654.0;3693.0;39.0
São Valentim do Sul;2168.0;2207.0;39.0
Uruana de Minas;3243.0;3282.0;39.0
Angelim;10202.0;10241.0;39.0
Miracema;26843.0;26881.0;38.0
Cruzeta;7967.0;8005.0;38.0
Milton Brandão;6504.0;6542.0;38.0
Feira da Mata;5595.0;5631.0;36.0
Barcelona;3950.0;3986.0;36.0
Ivolândia;2658.0;2693.0;35.0
São Domingos do Prata;17357.0;17392.0;35.0
Celso Ramos;2771.0;2805.0;34.0
Itapagipe;13656.0;13690.0;34.0
São João do Sabugi;5922.0;5956.0;34.0
Natércia;4658.0;4691.0;33.0
Renascença;6812.0;6845.0;33.0
Aspásia;1809.0;1842.0;33.0
Augusto Pestana;7116.0;7149.0;33.0
Dom Silvério;5196.0;5228.0;32.0
Ouro Verde de Goiás;4025.0;4057.0;32.0
Montanhas;11413.0;11444.0;31.0
Maribondo;13648.0;13679.0;31.0
Maria da Fé;14216.0;14247.0;31.0
Santo Antônio do Rio Abaixo;1777.0;1808.0;31.0
Serra Alta;3272.0;3303.0;31.0
Seritinga;1789.0;1819.0;30.0
Barreiras do Piauí;3234.0;3264.0;30.0
Faxinal do Soturno;6672.0;6702.0;30.0
Nossa Senhora de Lourdes;6238.0;6268.0;30.0
Campo Azul;3684.0;3714.0;30.0
Santana da Ponte Pensa;1641.0;1670.0;29.0
Itapitanga;10250.0;10279.0;29.0
Paes Landim;4059.0;4088.0;29.0
Novo Santo Antônio;4814.0;4842.0;28.0
Poço de José de Moura;3978.0;4006.0;28.0
Ribeirão Grande;7422.0;7450.0;28.0
Santa Luzia do Norte;6891.0;6919.0;28.0
Ubaí;11681.0;11708.0;27.0
Verdejante;9142.0;9169.0;27.0
Esmeralda;3168.0;3195.0;27.0
Castelo do Piauí;19262.0;19288.0;26.0
Governador Archer;10205.0;10231.0;26.0
Protásio Alves;2000.0;2025.0;25.0
Suzanápolis;3383.0;3408.0;25.0
Pedro Teixeira;1785.0;1810.0;25.0
Vista Gaúcha;2759.0;2783.0;24.0
Conceição das Pedras;2749.0;2772.0;23.0
Guarantã;6404.0;6427.0;23.0
Modelo;4057.0;4080.0;23.0
Olímpio Noronha;2533.0;2555.0;22.0
Cassilândia;20966.0;20988.0;22.0
São João do Triunfo;13704.0;13726.0;22.0
Doresópolis;1440.0;1461.0;21.0
Anhembi;5653.0;5674.0;21.0
Taboleiro Grande;2317.0;2338.0;21.0
Vista Alegre do Prata;1569.0;1590.0;21.0
Lavandeira;1605.0;1626.0;21.0
Vanini;1984.0;2004.0;20.0
Itaocara;22899.0;22919.0;20.0
Pinheiros;23895.0;23915.0;20.0
Maetinga;6953.0;6973.0;20.0
Cristal;7280.0;7299.0;19.0
Rio Doce;2465.0;2484.0;19.0
São Pedro do Turvo;7198.0;7217.0;19.0
Apiacás;8571.0;8590.0;19.0
São Geraldo;10263.0;10282.0;19.0
Parazinho;4782.0;4801.0;19.0
Santa Cecília do Sul;1655.0;1674.0;19.0
Bueno Brandão;10892.0;10911.0;19.0
Grupiara;1373.0;1392.0;19.0
Serra da Saudade;815.0;833.0;18.0
Elisiário;3120.0;3138.0;18.0
Monteiro Lobato;4120.0;4138.0;18.0
Álvares Florence;3897.0;3915.0;18.0
Tejuçuoca;17136.0;17154.0;18.0
Presidente Nereu;2284.0;2301.0;17.0
Ibaiti;28813.0;28830.0;17.0
Santo Antônio dos Lopes;14288.0;14304.0;16.0
Jacinto Machado;10608.0;10624.0;16.0
Chiador;2785.0;2800.0;15.0
Júlio Borges;5373.0;5388.0;15.0
Leopoldina;51130.0;51145.0;15.0
Monte das Gameleiras;2261.0;2276.0;15.0
Anagé;25423.0;25438.0;15.0
São José do Brejo do Cruz;1684.0;1699.0;15.0
Capão do Cipó;3104.0;3119.0;15.0
São João das Duas Pontes;2566.0;2580.0;14.0
Passo do Sobrado;6011.0;6025.0;14.0
Lauro Müller;14367.0;14381.0;14.0
Perolândia;2950.0;2964.0;14.0
Divina Pastora;4326.0;4340.0;14.0
Paramirim;20337.0;20351.0;14.0
Salto do Itararé;5178.0;5192.0;14.0
Sertão Santana;5850.0;5863.0;13.0
Heliodora;6121.0;6134.0;13.0
Trajano de Moraes;10289.0;10302.0;13.0
Passagem Franca do Piauí;4123.0;4135.0;12.0
Dom Pedro de Alcântara;2550.0;2562.0;12.0
Jundiá;7819.0;7831.0;12.0
Juarina;2231.0;2243.0;12.0
Centralina;10195.0;10207.0;12.0
Nova Europa;9300.0;9311.0;11.0
Cumbe;3813.0;3824.0;11.0
Italva;14063.0;14073.0;10.0
Guaramiranga;5644.0;5654.0;10.0
Rio Azul;14015.0;14025.0;10.0
Piranhas;34311.0;34321.0;10.0
Pracuúba;3793.0;3803.0;10.0
João Costa;2960.0;2970.0;10.0
São José do Bonfim;3233.0;3242.0;9.0
Novo Brasil;3519.0;3527.0;8.0
Triunfo Potiguar;3368.0;3376.0;8.0
Mormaço;2749.0;2756.0;7.0
São José do Piauí;6591.0;6597.0;6.0
Torrinha;9330.0;9335.0;5.0
Marilac;4219.0;4224.0;5.0
Mercês;10368.0;10373.0;5.0
Peritiba;2988.0;2992.0;4.0
União Paulista;1599.0;1603.0;4.0
Silva Jardim;21349.0;21352.0;3.0
Jaguaribara;10353.0;10356.0;3.0
Boa Vista do Sul;2776.0;2779.0;3.0
Areia Branca;42172.0;42174.0;2.0
Bariri;31593.0;31595.0;2.0
Muritiba;28705.0;28707.0;2.0
Guadalupe;10268.0;10270.0;2.0
Pedro Régis;5765.0;5766.0;1.0
Benedito Leite;5469.0;5469.0;0.0
Carvalhópolis;3341.0;3341.0;0.0
Magalhães Barata;8115.0;8115.0;0.0
Ituaçu;17915.0;17914.0;-1.0
Damolândia;2725.0;2724.0;-1.0
Guarani d'Oeste;1970.0;1968.0;-2.0
Mirim Doce;2513.0;2511.0;-2.0
Caiçara do Norte;6295.0;6293.0;-2.0
Urânia;8836.0;8833.0;-3.0
Araçu;3802.0;3799.0;-3.0
Tocantinópolis;22619.0;22615.0;-4.0
Manoel Emídio;5213.0;5209.0;-4.0
Afonso Bezerra;10844.0;10839.0;-5.0
Campestre da Serra;3247.0;3242.0;-5.0
Serranos;1995.0;1990.0;-5.0
Redenção do Gurguéia;8400.0;8394.0;-6.0
Leandro Ferreira;3205.0;3199.0;-6.0
Emilianópolis;3020.0;3014.0;-6.0
Caseiros;3007.0;3000.0;-7.0
Santa Vitória do Palmar;30990.0;30983.0;-7.0
Mato Queimado;1802.0;1795.0;-7.0
Jacuí;7502.0;7495.0;-7.0
Santo Inácio do Piauí;3654.0;3646.0;-8.0
Brejo Alegre;2573.0;2565.0;-8.0
Buíque;52105.0;52097.0;-8.0
Sussuapara;6229.0;6220.0;-9.0
Felício dos Santos;5142.0;5133.0;-9.0
Lagoa do Tocantins;3525.0;3516.0;-9.0
Aracitaba;2058.0;2049.0;-9.0
Iepê;7628.0;7619.0;-9.0
Candói;14983.0;14973.0;-10.0
Salmourão;4818.0;4808.0;-10.0
Ouro Velho;2928.0;2918.0;-10.0
Januário Cicco;9062.0;9051.0;-11.0
Itaúna do Sul;3583.0;3572.0;-11.0
Acaiaca;3920.0;3909.0;-11.0
Oriente;6097.0;6085.0;-12.0
Meleiro;7018.0;7006.0;-12.0
Douradoquara;1841.0;1829.0;-12.0
São João do Cariri;4239.0;4226.0;-13.0
Guaraci;15111.0;15098.0;-13.0
Fagundes Varela;2579.0;2566.0;-13.0
Itapuranga;26127.0;26113.0;-14.0
Pesqueira;62737.0;62722.0;-15.0
Monte Belo;13061.0;13046.0;-15.0
Boa Vista da Aparecida;7939.0;7924.0;-15.0
Abaeté;22690.0;22675.0;-15.0
Inúbia Paulista;3630.0;3615.0;-15.0
Bom Sucesso de Itararé;3571.0;3555.0;-16.0
Teodoro Sampaio;29300.0;29283.0;-17.0
Ibitiúra de Minas;3382.0;3365.0;-17.0
Cachoeira de Goiás;1422.0;1405.0;-17.0
São Lourenço do Piauí;4427.0;4410.0;-17.0
Itapuã do Oeste;8566.0;8548.0;-18.0
Ilópolis;4175.0;4157.0;-18.0
Paraná;3952.0;3934.0;-18.0
Nova Campina;8515.0;8497.0;-18.0
Nova Alvorada;3182.0;3163.0;-19.0
Marema;2203.0;2184.0;-19.0
Delfim Moreira;7971.0;7952.0;-19.0
Jordânia;10324.0;10304.0;-20.0
Nova Guataporanga;2177.0;2156.0;-21.0
Umburatiba;2705.0;2684.0;-21.0
Capão Bonito do Sul;1754.0;1733.0;-21.0
Desterro do Melo;3015.0;2994.0;-21.0
Jericó;7538.0;7516.0;-22.0
Francisco Macedo;2951.0;2929.0;-22.0
São Gonçalo do Rio Preto;3056.0;3032.0;-24.0
Joca Claudino;2564.0;2539.0;-25.0
Planaltina do Paraná;4095.0;4070.0;-25.0
Santarém Novo;6141.0;6116.0;-25.0
Serranópolis de Minas;4425.0;4399.0;-26.0
Guarda-Mor;6565.0;6539.0;-26.0
Ilha das Flores;8348.0;8321.0;-27.0
Entre Folhas;5207.0;5179.0;-28.0
Pindorama do Tocantins;4506.0;4478.0;-28.0
Rubiácea;2729.0;2700.0;-29.0
Arapuã;3557.0;3527.0;-30.0
Doutor Ulysses;5727.0;5697.0;-30.0
Nova Esperança;26615.0;26585.0;-30.0
Casa Grande;2244.0;2214.0;-30.0
Olaria;1976.0;1945.0;-31.0
Vieiras;3731.0;3700.0;-31.0
Águas Formosas;18479.0;18448.0;-31.0
Marapanim;26605.0;26573.0;-32.0
Alcinópolis;4569.0;4537.0;-32.0
Muquém do São Francisco;10475.0;10443.0;-32.0
Calçado;11125.0;11093.0;-32.0
Poço Dantas;3863.0;3830.0;-33.0
Água Nova;2980.0;2946.0;-34.0
Glaucilândia;2962.0;2928.0;-34.0
Mostardas;12124.0;12090.0;-34.0
Pavussu;3663.0;3628.0;-35.0
Lidianópolis;3973.0;3938.0;-35.0
Leoberto Leal;3365.0;3330.0;-35.0
Guaporema;2226.0;2191.0;-35.0
Magda;3200.0;3165.0;-35.0
Jacaraci;14473.0;14436.0;-37.0
Tunas do Paraná;6256.0;6219.0;-37.0
Cumari;2964.0;2927.0;-37.0
Olivedos;3618.0;3580.0;-38.0
Naque;6341.0;6303.0;-38.0
Cerro Grande;2417.0;2379.0;-38.0
Rio Rufino;2436.0;2397.0;-39.0
Santo Antônio;22216.0;22177.0;-39.0
Martins;8218.0;8179.0;-39.0
Tabapuã;11363.0;11323.0;-40.0
Caiçara do Rio do Vento;3308.0;3268.0;-40.0
Serra de São Bento;5743.0;5703.0;-40.0
Bacurituba;5293.0;5252.0;-41.0
Palmeira do Piauí;4993.0;4952.0;-41.0
Itaporã do Tocantins;2445.0;2404.0;-41.0
Feira Nova do Maranhão;8089.0;8048.0;-41.0
Sapopema;6736.0;6695.0;-41.0
Ipueira;2077.0;2035.0;-42.0
Paulo Ramos;20383.0;20341.0;-42.0
Montauri;1542.0;1499.0;-43.0
São João da Serra;6157.0;6114.0;-43.0
Guamiranga;7900.0;7856.0;-44.0
São Francisco de Sales;5776.0;5732.0;-44.0
Piau;2841.0;2796.0;-45.0
Presidente Castello Branco;1734.0;1689.0;-45.0
Camapuã;13628.0;13583.0;-45.0
General Sampaio;6780.0;6734.0;-46.0
Macaparana;23925.0;23879.0;-46.0
Esperança do Sul;3272.0;3226.0;-46.0
Mara Rosa;10746.0;10700.0;-46.0
Parambu;31491.0;31445.0;-46.0
Faxinalzinho;2567.0;2520.0;-47.0
Nantes;2707.0;2660.0;-47.0
Bertópolis;4498.0;4451.0;-47.0
Paulo Bento;2191.0;2144.0;-47.0
Avanhandava;11310.0;11263.0;-47.0
Conceição de Ipanema;4456.0;4409.0;-47.0
Santo Antônio do Palma;2139.0;2091.0;-48.0
Macieira;1826.0;1778.0;-48.0
Ingaí;2629.0;2580.0;-49.0
Carneirinho;9471.0;9422.0;-49.0
Senador Alexandre Costa;10256.0;10207.0;-49.0
Bozano;2200.0;2151.0;-49.0
Prata do Piauí;3092.0;3042.0;-50.0
Aricanduva;4770.0;4719.0;-51.0
Assunção do Piauí;7503.0;7452.0;-51.0
Campo Redondo;10266.0;10215.0;-51.0
Vitorino Freire;30897.0;30845.0;-52.0
Lutécia;2714.0;2661.0;-53.0
Major Vieira;7479.0;7425.0;-54.0
Sandovalina;3699.0;3645.0;-54.0
Ernestina;3088.0;3034.0;-54.0
Galinhos;2159.0;2104.0;-55.0
Abdon Batista;2653.0;2598.0;-55.0
Maratá;2527.0;2470.0;-57.0
Pio IX;17671.0;17613.0;-58.0
Jitaúna;14413.0;14355.0;-58.0
Maurilândia do Tocantins;3154.0;3095.0;-59.0
São José do Norte;25503.0;25443.0;-60.0
São Luiz do Paraitinga;10397.0;10337.0;-60.0
São Bernardino;2744.0;2684.0;-60.0
Juruá;10802.0;10742.0;-60.0
Santo Antônio do Amparo;17345.0;17285.0;-60.0
Araçaí;2243.0;2181.0;-62.0
Jataizinho;11875.0;11813.0;-62.0
São Bonifácio;3008.0;2946.0;-62.0
Soledade de Minas;5676.0;5613.0;-63.0
Frei Rogério;2474.0;2411.0;-63.0
Nova Castilho;1125.0;1062.0;-63.0
Novo Oriente de Minas;10339.0;10275.0;-64.0
Santa Quitéria do Maranhão;24021.0;23957.0;-64.0
Major Gercino;3279.0;3214.0;-65.0
Tabuleiro;4079.0;4014.0;-65.0
Francisco Ayres;4477.0;4412.0;-65.0
Barra do Chapéu;5244.0;5179.0;-65.0
José da Penha;5868.0;5803.0;-65.0
Cabrália Paulista;4365.0;4299.0;-66.0
Paverama;8044.0;7978.0;-66.0
Jardim Olinda;1409.0;1343.0;-66.0
Santo Augusto;13968.0;13902.0;-66.0
Miranda;25602.0;25536.0;-66.0
Carrapateira;2378.0;2312.0;-66.0
Oscar Bressane;2537.0;2470.0;-67.0
Dois Irmãos das Missões;2157.0;2090.0;-67.0
Espumoso;15240.0;15173.0;-67.0
Santa Maria de Itabira;10552.0;10485.0;-67.0
Hulha Negra;6043.0;5976.0;-67.0
Passa Quatro;15582.0;15515.0;-67.0
Bento de Abreu;2674.0;2606.0;-68.0
Landri Sales;5281.0;5213.0;-68.0
Cafeara;2695.0;2627.0;-68.0
Araçás;11625.0;11557.0;-68.0
Dirce Reis;1689.0;1620.0;-69.0
Icaraí de Minas;10746.0;10677.0;-69.0
Monsenhor Gil;10324.0;10255.0;-69.0
Santa Terezinha do Tocantins;2475.0;2406.0;-69.0
Estrela do Norte;5978.0;5908.0;-70.0
São José do Ouro;6904.0;6834.0;-70.0
Morro Cabeça no Tempo;4447.0;4377.0;-70.0
Tarabai;6607.0;6536.0;-71.0
Carmo;17269.0;17198.0;-71.0
Cotiporã;3917.0;3846.0;-71.0
Veríssimo;3483.0;3411.0;-72.0
Vila Lângaro;2152.0;2079.0;-73.0
Atalanta;3300.0;3227.0;-73.0
Altaneira;6856.0;6782.0;-74.0
Morro do Chapéu do Piauí;6499.0;6425.0;-74.0
Águas de Chapecó;6110.0;6036.0;-74.0
Guidoval;7206.0;7131.0;-75.0
Moiporá;1760.0;1685.0;-75.0
Juazeiro do Piauí;5290.0;5214.0;-76.0
Jaupaci;3000.0;2924.0;-76.0
Porto Rico do Maranhão;6030.0;5954.0;-76.0
Riacho Frio;4241.0;4165.0;-76.0
Mimoso de Goiás;2690.0;2614.0;-76.0
Palmelo;2335.0;2259.0;-76.0
Aguaí;32148.0;32072.0;-76.0
Campo Alegre do Fidalgo;4693.0;4616.0;-77.0
Matos Costa;2839.0;2761.0;-78.0
Pacujá;6253.0;6175.0;-78.0
Arapoti;25855.0;25777.0;-78.0
Aloândia;2051.0;1973.0;-78.0
Guarujá do Sul;4908.0;4829.0;-79.0
Corguinho;4862.0;4783.0;-79.0
Gado Bravo;8258.0;8179.0;-79.0
Sud Mennucci;7435.0;7355.0;-80.0
Nazarezinho;7284.0;7203.0;-81.0
André da Rocha;1216.0;1135.0;-81.0
Nazaré;31663.0;31581.0;-82.0
Nova Canaã Paulista;2114.0;2032.0;-82.0
Lago dos Rodrigues;8840.0;8758.0;-82.0
Ressaquinha;4630.0;4548.0;-82.0
Aratiba;6565.0;6483.0;-82.0
Clementina;7065.0;6982.0;-83.0
Ariranha do Ivaí;2413.0;2329.0;-84.0
Paiva;1558.0;1474.0;-84.0
Tapira;9948.0;9863.0;-85.0
Itacuruba;4369.0;4284.0;-85.0
Araguainha;1096.0;1010.0;-86.0
Piedade de Ponte Nova;4062.0;3976.0;-86.0
Forquetinha;2479.0;2393.0;-86.0
Pongaí;3481.0;3395.0;-86.0
Dom Inocêncio;9245.0;9159.0;-86.0
Onça de Pitangui;3055.0;2969.0;-86.0
Espírito Santo do Turvo;4244.0;4157.0;-87.0
Itaguajé;4568.0;4481.0;-87.0
Quinta do Sol;5088.0;5001.0;-87.0
Frei Martinho;2933.0;2846.0;-87.0
São João do Pacuí;4060.0;3972.0;-88.0
Tufilândia;5596.0;5507.0;-89.0
Caldeirão Grande do Piauí;5592.0;5503.0;-89.0
Santa Maria Madalena;10321.0;10232.0;-89.0
Brasilândia do Tocantins;2064.0;1974.0;-90.0
Igarapé-Açu;35887.0;35797.0;-90.0
Nova Era;17528.0;17438.0;-90.0
Rio Branco do Ivaí;3898.0;3808.0;-90.0
Godofredo Viana;10276.0;10186.0;-90.0
Jaçanã;7925.0;7834.0;-91.0
Maria Helena;5956.0;5865.0;-91.0
Bom Sucesso do Sul;3293.0;3202.0;-91.0
Lagoa de São Francisco;6422.0;6331.0;-91.0
Queluzito;1861.0;1770.0;-91.0
Riqueza;4860.0;4768.0;-92.0
Muliterno;1813.0;1721.0;-92.0
Botelhos;14920.0;14828.0;-92.0
Ponte Alta do Norte;3303.0;3210.0;-93.0
Lindóia do Sul;4642.0;4549.0;-93.0
Crixás do Tocantins;1564.0;1470.0;-94.0
Caputira;9030.0;8936.0;-94.0
Boa Ventura de São Roque;6472.0;6378.0;-94.0
Rio de Contas;13278.0;13184.0;-94.0
Conceição de Macabu;21200.0;21104.0;-96.0
Anhanguera;1020.0;924.0;-96.0
São Martinho;8982.0;8886.0;-96.0
Princesa Isabel;21210.0;21114.0;-96.0
Oliveira Fortes;2123.0;2027.0;-96.0
Populina;4223.0;4127.0;-96.0
Uruana;13826.0;13729.0;-97.0
Santana do Garambéu;2234.0;2137.0;-97.0
Capitão Enéas;14206.0;14108.0;-98.0
Almirante Tamandaré do Sul;2067.0;1969.0;-98.0
Fortaleza dos Valos;4575.0;4477.0;-98.0
Rondolândia;3604.0;3505.0;-99.0
Minduri;3840.0;3741.0;-99.0
Campo do Meio;11476.0;11377.0;-99.0
Marques de Souza;4068.0;3969.0;-99.0
Jundiaí do Sul;3433.0;3333.0;-100.0
Embaúba;2423.0;2323.0;-100.0
Guapé;13872.0;13772.0;-100.0
Vargem Grande do Rio Pardo;4733.0;4633.0;-100.0
Lagoa de Velhos;2668.0;2567.0;-101.0
Vila Valério;13830.0;13728.0;-102.0
Santa Rosa de Goiás;2922.0;2820.0;-102.0
Turuçu;3522.0;3419.0;-103.0
Vale Verde;3253.0;3150.0;-103.0
Enéas Marques;6103.0;5999.0;-104.0
Correntes;17235.0;17131.0;-104.0
Aurora do Tocantins;3446.0;3342.0;-104.0
Araponga;8152.0;8048.0;-104.0
Ibicaré;3373.0;3269.0;-104.0
São Valério do Sul;2647.0;2543.0;-104.0
Jacobina do Piauí;5717.0;5613.0;-104.0
Descanso;8634.0;8530.0;-104.0
São Miguel da Baixa Grande;2373.0;2269.0;-104.0
Amparo do São Francisco;2275.0;2170.0;-105.0
Piedade do Rio Grande;4709.0;4604.0;-105.0
Sabino;5217.0;5112.0;-105.0
Talismã;2562.0;2456.0;-106.0
Gurinhém;13872.0;13766.0;-106.0
Taquaral;2726.0;2619.0;-107.0
São Julião;6132.0;6025.0;-107.0
Banabuiú;17302.0;17195.0;-107.0
Nova Pádua;2450.0;2343.0;-107.0
José Raydan;4376.0;4268.0;-108.0
Nova Aliança do Ivaí;1431.0;1323.0;-108.0
Muitos Capões;2988.0;2879.0;-109.0
Anta Gorda;6066.0;5957.0;-109.0
Frutuoso Gomes;4233.0;4122.0;-111.0
Monte Belo do Sul;2668.0;2557.0;-111.0
Novo Xingu;1757.0;1646.0;-111.0
Morrinhos do Sul;3182.0;3071.0;-111.0
Ouro Verde;10071.0;9960.0;-111.0
Paquetá;3925.0;3813.0;-112.0
Santo Expedito do Sul;2461.0;2349.0;-112.0
Turiúba;1930.0;1818.0;-112.0
Santana do Deserto;3860.0;3747.0;-113.0
São Bento do Trairí;3905.0;3792.0;-113.0
Echaporã;6318.0;6205.0;-113.0
Nova Palmeira;4373.0;4259.0;-114.0
Sagrada Família;2595.0;2480.0;-115.0
Congonhas do Norte;4946.0;4831.0;-115.0
Alvinlândia;3000.0;2885.0;-115.0
Carmolândia;2316.0;2201.0;-115.0
Coité do Nóia;10926.0;10810.0;-116.0
Graça Aranha;6140.0;6023.0;-117.0
Santa Helena de Minas;6055.0;5938.0;-117.0
Dom Bosco;3814.0;3697.0;-117.0
Elísio Medrado;7926.0;7808.0;-118.0
Coronel Pilar;1725.0;1607.0;-118.0
União do Oeste;2892.0;2774.0;-118.0
Alfredo Chaves;13955.0;13836.0;-119.0
Areias;3696.0;3577.0;-119.0
Bodó;2425.0;2306.0;-119.0
Adrianópolis;6376.0;6256.0;-120.0
Esperança Nova;1970.0;1849.0;-121.0
Vidal Ramos;6310.0;6189.0;-121.0
Parari;1842.0;1720.0;-122.0
Quartel Geral;3303.0;3179.0;-124.0
Tocos do Moji;3950.0;3826.0;-124.0
Tabaporã;9942.0;9818.0;-124.0
Jequitinhonha;24131.0;24007.0;-124.0
Catiguá;7127.0;7003.0;-124.0
Guaribas;4401.0;4276.0;-125.0
Amapá;8069.0;7943.0;-126.0
Lima Campos;11423.0;11297.0;-126.0
Brejo do Piauí;4030.0;3904.0;-126.0
Minas do Leão;7631.0;7505.0;-126.0
Nova Módica;3790.0;3663.0;-127.0
Pintópolis;7211.0;7084.0;-127.0
Capão Alto;2753.0;2625.0;-128.0
São Miguel da Boa Vista;1909.0;1781.0;-128.0
Figueirópolis;5340.0;5211.0;-129.0
Jardim do Mulato;4309.0;4180.0;-129.0
Rafael Godeiro;3063.0;2934.0;-129.0
São Pedro das Missões;1886.0;1757.0;-129.0
Cedro do Abaeté;1210.0;1081.0;-129.0
São Félix do Piauí;2972.0;2842.0;-130.0
Pio XII;22016.0;21886.0;-130.0
Água Fria de Goiás;5085.0;4954.0;-131.0
Novo Tiradentes;2277.0;2146.0;-131.0
Pontes Gestal;2518.0;2387.0;-131.0
Arroio do Padre;2730.0;2599.0;-131.0
Chiapetta;4044.0;3913.0;-131.0
Bela Vista do Toldo;6004.0;5872.0;-132.0
Santana de Cataguases;3622.0;3489.0;-133.0
Santiago;49071.0;48938.0;-133.0
Pequizeiro;5054.0;4921.0;-133.0
São João do Tigre;4396.0;4263.0;-133.0
Antônio Prado de Minas;1671.0;1538.0;-133.0
Serra da Raiz;3228.0;3094.0;-134.0
Cristal do Sul;2826.0;2692.0;-134.0
Ibititá;17103.0;16969.0;-134.0
Doutor Ricardo;2022.0;1888.0;-134.0
Carvalhos;4556.0;4422.0;-134.0
Pedra do Anta;3446.0;3311.0;-135.0
Itirapuã;5914.0;5779.0;-135.0
Pindoba;2866.0;2731.0;-135.0
Pedrinhas Paulista;2940.0;2804.0;-136.0
Pouso Novo;1875.0;1739.0;-136.0
Rio Bom;3334.0;3197.0;-137.0
Alegrete do Piauí;4771.0;4634.0;-137.0
Caém;10522.0;10384.0;-138.0
Painel;2353.0;2215.0;-138.0
Guarinos;2299.0;2161.0;-138.0
Santa Cruz de Goiás;3140.0;3002.0;-138.0
Uirapuru;2936.0;2798.0;-138.0
Miguel Alves;32289.0;32150.0;-139.0
Mondaí;10205.0;10066.0;-139.0
Nova Bréscia;3184.0;3044.0;-140.0
Ribeirópolis;17173.0;17033.0;-140.0
Campina do Simão;4076.0;3936.0;-140.0
Vila Nova do Piauí;3076.0;2935.0;-141.0
Itambé do Mato Dentro;2283.0;2142.0;-141.0
Quixaba;8438.0;8297.0;-141.0
Senador Salgado Filho;2814.0;2673.0;-141.0
Mirandiba;14308.0;14166.0;-142.0
Olho d'Água do Casado;8491.0;8349.0;-142.0
São José de Piranhas;19209.0;19067.0;-142.0
Lucrécia;3633.0;3490.0;-143.0
Felixlândia;14121.0;13978.0;-143.0
Borrazópolis;7878.0;7735.0;-143.0
Nova Londrina;13067.0;12923.0;-144.0
Arapuá;2775.0;2631.0;-144.0
Cruzeiro do Iguaçu;4278.0;4133.0;-145.0
Eugênio de Castro;2778.0;2633.0;-145.0
Cascalho Rico;2857.0;2712.0;-145.0
Anapurus;13939.0;13793.0;-146.0
Pedrinópolis;3490.0;3344.0;-146.0
Condor;6552.0;6406.0;-146.0
Uibaí;13578.0;13432.0;-146.0
São Miguel do Fidalgo;2976.0;2829.0;-147.0
Nazaré da Mata;30796.0;30648.0;-148.0
Porciúncula;17437.0;17288.0;-149.0
Irineópolis;10434.0;10285.0;-149.0
Floresta do Piauí;2482.0;2333.0;-149.0
Alto Bela Vista;2005.0;1856.0;-149.0
Rio Preto;5292.0;5141.0;-151.0
Pedras Altas;2212.0;2061.0;-151.0
Laje do Muriaé;7487.0;7336.0;-151.0
Potiretama;6126.0;5974.0;-152.0
Conceição;18412.0;18260.0;-152.0
Rosário do Ivaí;5588.0;5435.0;-153.0
Chaval;12615.0;12462.0;-153.0
Canudos do Vale;1809.0;1656.0;-153.0
Três Forquilhas;2914.0;2760.0;-154.0
Boa Vista do Incra;2425.0;2271.0;-154.0
Água Limpa;2013.0;1858.0;-155.0
São Pedro da União;5040.0;4885.0;-155.0
Jesúpolis;2278.0;2123.0;-155.0
Chorrochó;10734.0;10579.0;-155.0
Palmeirante;4954.0;4798.0;-156.0
Santo Antônio da Barra;4423.0;4267.0;-156.0
São Mateus do Maranhão;38985.0;38829.0;-156.0
Vespasiano Corrêa;1974.0;1818.0;-156.0
Ipira;4735.0;4578.0;-157.0
Itaverava;5799.0;5642.0;-157.0
Agricolândia;5098.0;4940.0;-158.0
Jaguaruana;31859.0;31701.0;-158.0
Guajará;13974.0;13815.0;-159.0
Mato Grosso;2702.0;2543.0;-159.0
Coxilha;2826.0;2667.0;-159.0
Belmiro Braga;3403.0;3244.0;-159.0
Pimenteiras do Oeste;2315.0;2156.0;-159.0
Palma Sola;7765.0;7605.0;-160.0
Chapada da Natividade;3277.0;3117.0;-160.0
Lindoeste;5335.0;5175.0;-160.0
Óleo;2673.0;2512.0;-161.0
Caparaó;5209.0;5048.0;-161.0
Travesseiro;2314.0;2152.0;-162.0
Jatobá do Piauí;4656.0;4494.0;-162.0
Ribeirão dos Índios;2187.0;2025.0;-162.0
Mirante;10349.0;10187.0;-162.0
São Brás;6718.0;6555.0;-163.0
Arapeí;2493.0;2330.0;-163.0
Amaralina;3432.0;3268.0;-164.0
Buritirama;19753.0;19589.0;-164.0
Vale de São Domingos;3068.0;2904.0;-164.0
Sucupira;1742.0;1577.0;-165.0
Deputado Irapuan Pinheiro;9097.0;8932.0;-165.0
Cuitegi;6895.0;6730.0;-165.0
Canhoba;3956.0;3791.0;-165.0
Passabém;1766.0;1600.0;-166.0
São Francisco do Pará;15060.0;14894.0;-166.0
Cruzália;2274.0;2108.0;-166.0
Platina;3192.0;3025.0;-167.0
Taquaritinga do Norte;24903.0;24736.0;-167.0
Livramento;7044.0;6877.0;-167.0
Alto Longá;13646.0;13479.0;-167.0
Ibituruna;2866.0;2698.0;-168.0
Presidente Vargas;10717.0;10549.0;-168.0
Virmond;3979.0;3811.0;-168.0
Arraial;4688.0;4520.0;-168.0
São João da Fronteira;5691.0;5522.0;-169.0
Berizal;4370.0;4201.0;-169.0
Santa Maria da Serra;5413.0;5243.0;-170.0
Siriri;8004.0;7834.0;-170.0
Jardim de Angicos;2607.0;2437.0;-170.0
Monte Horebe;4508.0;4338.0;-170.0
Vista Alegre;2832.0;2660.0;-172.0
Guaraciaba;20721.0;20549.0;-172.0
São Domingos do Sul;2926.0;2754.0;-172.0
Serra Negra do Norte;7770.0;7597.0;-173.0
Parnaguá;10276.0;10103.0;-173.0
Casserengue;7062.0;6889.0;-173.0
Jaú do Tocantins;3507.0;3334.0;-173.0
Guarani de Goiás;4258.0;4085.0;-173.0
Buritinópolis;3319.0;3145.0;-174.0
Francisco Dantas;2874.0;2700.0;-174.0
Conselheiro Mairinck;3636.0;3461.0;-175.0
Ponte Preta;1750.0;1575.0;-175.0
Pedregulho;15700.0;15525.0;-175.0
Consolação;1738.0;1563.0;-175.0
Miraí;13808.0;13633.0;-175.0
Júlio Mesquita;4430.0;4254.0;-176.0
Rodolfo Fernandes;4418.0;4242.0;-176.0
Manaíra;10610.0;10434.0;-176.0
Pugmil;2369.0;2193.0;-176.0
Santa Luz;5513.0;5336.0;-177.0
Andorinha;15190.0;15012.0;-178.0
Lourdes;2128.0;1950.0;-178.0
Córrego do Ouro;2632.0;2454.0;-178.0
Areia de Baraúnas;2183.0;2005.0;-178.0
Santa Teresinha;4581.0;4402.0;-179.0
Novais;4592.0;4412.0;-180.0
Adelândia;2477.0;2297.0;-180.0
Boa Vista das Missões;2114.0;1933.0;-181.0
Vieirópolis;5045.0;4864.0;-181.0
Santo Antônio de Lisboa;6020.0;5839.0;-181.0
Dois Lajeados;3278.0;3097.0;-181.0
Cambará do Sul;6542.0;6361.0;-181.0
Guabiju;1598.0;1417.0;-181.0
Morro Redondo;6227.0;6046.0;-181.0
Timburi;2646.0;2464.0;-182.0
Macaubal;7663.0;7481.0;-182.0
Roteiro;6656.0;6474.0;-182.0
São Félix de Minas;3382.0;3200.0;-182.0
Pajeú do Piauí;3183.0;3000.0;-183.0
Restinga;6587.0;6404.0;-183.0
São Sebastião do Tocantins;4283.0;4100.0;-183.0
Ibiaçá;4710.0;4527.0;-183.0
Guaraíta;2372.0;2188.0;-184.0
Almino Afonso;4871.0;4687.0;-184.0
Granjeiro;5025.0;4841.0;-184.0
Maxaranguape;10441.0;10255.0;-186.0
Marilândia do Sul;8863.0;8677.0;-186.0
Rio Negro;36351.0;36165.0;-186.0
Lontra;8977.0;8790.0;-187.0
São Gonçalo do Abaeté;7562.0;7375.0;-187.0
Alpinópolis;18488.0;18300.0;-188.0
Faria Lemos;3376.0;3188.0;-188.0
Jeremoabo;37814.0;37626.0;-188.0
Domingos Mourão;4264.0;4075.0;-189.0
Mucurici;5655.0;5466.0;-189.0
Itapetim;13980.0;13791.0;-189.0
Sigefredo Pacheco;9649.0;9460.0;-189.0
Poço Verde;21983.0;21794.0;-189.0
Porteirinha;37627.0;37438.0;-189.0
Luislândia;6400.0;6210.0;-190.0
Muçum;4791.0;4601.0;-190.0
Monjolos;2360.0;2169.0;-191.0
Canhotinho;24521.0;24329.0;-192.0
Ourizona;3380.0;3187.0;-193.0
São Miguel do Guaporé;21828.0;21635.0;-193.0
Rio Novo;8712.0;8518.0;-194.0
Tuparendi;8557.0;8363.0;-194.0
Dores de Guanhães;5223.0;5029.0;-194.0
Porto Alegre do Piauí;2559.0;2364.0;-195.0
Ibipeba;16798.0;16603.0;-195.0
Monções;2132.0;1937.0;-195.0
Santa Cruz do Piauí;6027.0;5831.0;-196.0
Pedra Mole;2974.0;2778.0;-196.0
Gaurama;5862.0;5665.0;-197.0
Iconha;12523.0;12326.0;-197.0
Nova América da Colina;3478.0;3280.0;-198.0
Tapiraí;9885.0;9686.0;-199.0
Jataúba;16042.0;15843.0;-199.0
Nova Glória;8509.0;8310.0;-199.0
Tupanci do Sul;1573.0;1374.0;-199.0
Comendador Gomes;2972.0;2773.0;-199.0
Itarumã;6300.0;6101.0;-199.0
Dona Inês;10579.0;10380.0;-199.0
Lagoa do Ouro;12132.0;11933.0;-199.0
Senhora de Oliveira;5683.0;5483.0;-200.0
Canápolis;21033.0;20833.0;-200.0
Aiquara;4648.0;4447.0;-201.0
Santa Cruz da Baixa Verde;11768.0;11567.0;-201.0
Sertaneja;5817.0;5616.0;-201.0
Alvinópolis;15261.0;15059.0;-202.0
São João da Canabrava;4445.0;4242.0;-203.0
Quevedos;2710.0;2507.0;-203.0
Passa e Fica;11100.0;10896.0;-204.0
São Vicente de Minas;7008.0;6804.0;-204.0
Bonópolis;3503.0;3299.0;-204.0
Oliveira;39466.0;39262.0;-204.0
Sucupira do Norte;10444.0;10238.0;-206.0
Cacimba de Areia;3498.0;3291.0;-207.0
Ribeira do Piauí;4263.0;4055.0;-208.0
Torre de Pedra;2254.0;2046.0;-208.0
Colméia;9150.0;8941.0;-209.0
Romaria;3596.0;3386.0;-210.0
Bom Jesus do Itabapoana;35385.0;35173.0;-212.0
Itapicuru;31891.0;31679.0;-212.0
Boa Vista do Cadeado;2441.0;2229.0;-212.0
Itagibá;15523.0;15310.0;-213.0
Curral Velho;2505.0;2292.0;-213.0
Argirita;2901.0;2688.0;-213.0
Piranga;17232.0;17018.0;-214.0
Tavares;19527.0;19313.0;-214.0
Santa Maria do Tocantins;2894.0;2680.0;-214.0
Xambrê;6012.0;5798.0;-214.0
Santa Mônica;3571.0;3356.0;-215.0
Águas da Prata;7584.0;7369.0;-215.0
Rancharia;28804.0;28588.0;-216.0
Glória D'Oeste;3121.0;2905.0;-216.0
Taiaçu;5894.0;5677.0;-217.0
Olivença;11029.0;10812.0;-217.0
Heitoraí;3571.0;3354.0;-217.0
Paraúna;10876.0;10659.0;-217.0
Goianorte;4956.0;4738.0;-218.0
Ponto Chique;3966.0;3747.0;-219.0
Barra de Santana;8278.0;8059.0;-219.0
Novo Horizonte do Sul;4940.0;4721.0;-219.0
Monte Carlo;9337.0;9117.0;-220.0
Santo Antônio do Itambé;4135.0;3915.0;-220.0
Lagoa Real;14326.0;14105.0;-221.0
Coronel Pacheco;2983.0;2762.0;-221.0
Arneiroz;7650.0;7429.0;-221.0
Wall Ferraz;4280.0;4059.0;-221.0
Vargem Bonita;6956.0;6734.0;-222.0
Campinas do Sul;5506.0;5284.0;-222.0
Tupiratins;2097.0;1874.0;-223.0
Goiabeira;3053.0;2830.0;-223.0
Ipiranga do Sul;1944.0;1720.0;-224.0
Aceguá;4394.0;4170.0;-224.0
Jari;3573.0;3349.0;-224.0
Terezinha;6737.0;6513.0;-224.0
São José do Barreiro;4077.0;3853.0;-224.0
Ibiquera;3949.0;3725.0;-224.0
Casa Branca;28307.0;28083.0;-224.0
Vitória das Missões;3485.0;3260.0;-225.0
Pitimbu;16976.0;16751.0;-225.0
Juripiranga;10237.0;10012.0;-225.0
Benjamin Constant do Sul;2307.0;2082.0;-225.0
São Caetano de Odivelas;16891.0;16666.0;-225.0
Ribeira;3358.0;3132.0;-226.0
Campo Belo do Sul;7483.0;7257.0;-226.0
Panamá;2681.0;2455.0;-226.0
Itabela;28391.0;28165.0;-226.0
Ivorá;2156.0;1929.0;-227.0
Fortuna;17203.0;16976.0;-227.0
Bernardo Sayão;4456.0;4229.0;-227.0
Santa Tereza;1732.0;1505.0;-227.0
Batayporã;10939.0;10712.0;-227.0
Novo Jardim;2457.0;2230.0;-227.0
Itabi;4972.0;4745.0;-227.0
Pejuçara;3973.0;3745.0;-228.0
Quixelô;16139.0;15910.0;-229.0
Rancho Alegre D'Oeste;2847.0;2618.0;-229.0
Salto do Céu;3908.0;3679.0;-229.0
Lavras da Mangabeira;31032.0;30802.0;-230.0
Figueira;8293.0;8062.0;-231.0
Engenho Velho;1527.0;1296.0;-231.0
Bom Progresso;2328.0;2096.0;-232.0
Santa Rita do Pardo;7259.0;7027.0;-232.0
Erval Grande;5163.0;4930.0;-233.0
Santo Antônio do Caiuá;2727.0;2493.0;-234.0
Medicilândia;27328.0;27094.0;-234.0
Iracema do Oeste;2578.0;2343.0;-235.0
Cordislândia;3435.0;3200.0;-235.0
Cajazeiras do Piauí;3343.0;3108.0;-235.0
Cutias;4696.0;4461.0;-235.0
São José dos Cordeiros;3646.0;3411.0;-235.0
Campina das Missões;6117.0;5882.0;-235.0
Indiavaí;2449.0;2213.0;-236.0
Coronel João Sá;17293.0;17056.0;-237.0
Santa Rita de Jacutinga;4993.0;4755.0;-238.0
São João Evangelista;15553.0;15315.0;-238.0
Coqueiro Baixo;1528.0;1290.0;-238.0
Quatro Irmãos;1790.0;1552.0;-238.0
Frei Gaspar;5879.0;5640.0;-239.0
Palestina de Goiás;3371.0;3132.0;-239.0
Serrita;18446.0;18207.0;-239.0
Carlos Gomes;1607.0;1368.0;-239.0
Marabá Paulista;4812.0;4573.0;-239.0
Novo Planalto;3956.0;3716.0;-240.0
São José do Goiabal;5636.0;5396.0;-240.0
Mirinzal;14218.0;13978.0;-240.0
Gavião;4600.0;4360.0;-240.0
Cândido Godói;6535.0;6294.0;-241.0
Relvado;2037.0;1796.0;-241.0
Fernandes Tourinho;3030.0;2789.0;-241.0
Beneditinos;10170.0;9929.0;-241.0
Graça;14042.0;13801.0;-241.0
Corumbataí do Sul;4002.0;3760.0;-242.0
Serra Redonda;7070.0;6828.0;-242.0
Cedro de São João;5633.0;5391.0;-242.0
Muniz Freire;18397.0;18153.0;-244.0
Itaú;5564.0;5320.0;-244.0
Cardeal da Silva;8609.0;8365.0;-244.0
Coqueiros do Sul;2457.0;2211.0;-246.0
Andrelândia;12173.0;11927.0;-246.0
Bandeira;4987.0;4741.0;-246.0
Bela Vista do Paraíso;15079.0;14833.0;-246.0
Biquinhas;2630.0;2383.0;-247.0
Brasilândia;11826.0;11579.0;-247.0
Chaves;21005.0;20757.0;-248.0
Nova Russas;30947.0;30699.0;-248.0
Dom Expedito Lopes;6569.0;6320.0;-249.0
Caiapônia;16762.0;16513.0;-249.0
Morro da Garça;2660.0;2411.0;-249.0
Dois Córregos;24761.0;24510.0;-251.0
Córrego Novo;3127.0;2875.0;-252.0
Anamã;10214.0;9962.0;-252.0
Marinópolis;2113.0;1860.0;-253.0
Caravelas;20833.0;20580.0;-253.0
Iporanga;4299.0;4046.0;-253.0
Hugo Napoleão;3771.0;3518.0;-253.0
Natividade;24082.0;23828.0;-254.0
Igarapé Grande;10485.0;10231.0;-254.0
Bananal;10223.0;9969.0;-254.0
Americano do Brasil;5513.0;5259.0;-254.0
Rolador;2546.0;2291.0;-255.0
São Luis do Piauí;2564.0;2309.0;-255.0
Papagaios;14175.0;13920.0;-255.0
Gramado dos Loureiros;2269.0;2014.0;-255.0
Motuca;4290.0;4034.0;-256.0
Rio Novo do Sul;11325.0;11069.0;-256.0
Porto do Mangue;5484.0;5228.0;-256.0
Victor Graeff;3036.0;2780.0;-256.0
Igaraçu do Tietê;23362.0;23106.0;-256.0
Caracol;15610.0;15354.0;-256.0
Ribeira do Amparo;14098.0;13841.0;-257.0
Cássia;17412.0;17155.0;-257.0
Dilermando de Aguiar;3063.0;2806.0;-257.0
Dom Aquino;8129.0;7872.0;-257.0
Floraí;5050.0;4792.0;-258.0
Inhacorá;2272.0;2014.0;-258.0
Virginópolis;10572.0;10314.0;-258.0
Nossa Senhora das Graças;3928.0;3669.0;-259.0
Cuité;19978.0;19719.0;-259.0
Ouro Verde de Minas;6016.0;5757.0;-259.0
Carira;20199.0;19939.0;-260.0
Salgado Filho;4338.0;4075.0;-263.0
Caibaté;4967.0;4704.0;-263.0
Cerro Negro;3581.0;3317.0;-264.0
São Miguel do Aleixo;3698.0;3434.0;-264.0
Três Arroios;2855.0;2591.0;-264.0
Parapuã;10844.0;10580.0;-264.0
São João da Urtiga;4726.0;4461.0;-265.0
Flora Rica;1752.0;1487.0;-265.0
Severiano Melo;5752.0;5487.0;-265.0
Cacique Doble;4868.0;4603.0;-265.0
Coqueiral;9289.0;9023.0;-266.0
Lagoa;4681.0;4415.0;-266.0
Riolândia;10575.0;10309.0;-266.0
Lamarão;9281.0;9015.0;-266.0
Morro do Pilar;3399.0;3133.0;-266.0
São João da Varjota;4651.0;4383.0;-268.0
Lamim;3452.0;3184.0;-268.0
Áurea;3665.0;3396.0;-269.0
São José da Safira;4075.0;3806.0;-269.0
Itainópolis;11059.0;10790.0;-269.0
Alpercata;7172.0;6903.0;-269.0
Floreal;3003.0;2733.0;-270.0
Cruzmaltina;3162.0;2892.0;-270.0
Nova Iorque;4590.0;4320.0;-270.0
Manoel Viana;7072.0;6801.0;-271.0
Iraceminha;4257.0;3986.0;-271.0
Pirajuí;22704.0;22431.0;-273.0
Piquerobi;3537.0;3264.0;-273.0
Maiquinique;9004.0;8731.0;-273.0
Santana do Cariri;17228.0;16954.0;-274.0
Nova Ramada;2437.0;2163.0;-274.0
Sete Barras;13005.0;12730.0;-275.0
Monte Formoso;4656.0;4381.0;-275.0
Padre Marcos;6657.0;6382.0;-275.0
Curiúva;13923.0;13647.0;-276.0
Gonçalves Dias;17482.0;17206.0;-276.0
Varzelândia;19116.0;18840.0;-276.0
Governador Luiz Rocha;7340.0;7063.0;-277.0
Santa Cecília do Pavão;3642.0;3365.0;-277.0
Peabiru;13624.0;13346.0;-278.0
Érico Cardoso;10882.0;10604.0;-278.0
São Mamede;7748.0;7470.0;-278.0
Barro Duro;6919.0;6640.0;-279.0
Pracinha;2858.0;2578.0;-280.0
Paraú;3859.0;3579.0;-280.0
Pé de Serra;13523.0;13243.0;-280.0
Matriz de Camaragibe;24137.0;23857.0;-280.0
Caraíbas;10222.0;9940.0;-282.0
Itaipava do Grajaú;14110.0;13828.0;-282.0
Santa Rita de Ibitipoca;3583.0;3301.0;-282.0
Santo Antônio do Paraíso;2408.0;2125.0;-283.0
Estrela Dalva;2470.0;2186.0;-284.0
Itarana;10881.0;10597.0;-284.0
Junqueiro;24192.0;23907.0;-285.0
Angelândia;8003.0;7718.0;-285.0
Riachuelo;16422.0;16137.0;-285.0
Mutunópolis;3849.0;3564.0;-285.0
Itacajá;7104.0;6819.0;-285.0
Roncador;11537.0;11251.0;-286.0
Ventania;9968.0;9681.0;-287.0
Divinolândia;11445.0;11158.0;-287.0
Novo Cabrais;3855.0;3568.0;-287.0
Eliseu Martins;4665.0;4377.0;-288.0
Iacri;6419.0;6131.0;-288.0
Coronel Ezequiel;5405.0;5117.0;-288.0
Lunardelli;5160.0;4872.0;-288.0
Passira;28628.0;28340.0;-288.0
Cambuquira;12602.0;12313.0;-289.0
Apiacá;7512.0;7223.0;-289.0
Carmo da Cachoeira;11836.0;11547.0;-289.0
Pedro Velho;14114.0;13824.0;-290.0
Coronel José Dias;4541.0;4250.0;-291.0
Fagundes;11341.0;11049.0;-292.0
Goiandira;5265.0;4973.0;-292.0
Porto Vera Cruz;1852.0;1560.0;-292.0
São Vicente Férrer;16969.0;16677.0;-292.0
Tabocas do Brejo Velho;12271.0;11979.0;-292.0
Cajazeirinhas;3033.0;2740.0;-293.0
Sítio Novo;22022.0;21728.0;-294.0
Sete de Setembro;2124.0;1830.0;-294.0
Angico;3170.0;2876.0;-294.0
Saldanha Marinho;2869.0;2575.0;-294.0
Planalto;52797.0;52503.0;-294.0
Riachão das Neves;21937.0;21642.0;-295.0
Conceição do Tocantins;4182.0;3887.0;-295.0
Monte Castelo;12257.0;11958.0;-299.0
Diogo de Vasconcelos;3848.0;3549.0;-299.0
Pradópolis;17377.0;17078.0;-299.0
São Félix de Balsas;4702.0;4402.0;-300.0
Campos Belos;18410.0;18108.0;-302.0
São José do Herval;2204.0;1902.0;-302.0
Ubiretama;2296.0;1994.0;-302.0
Ivatuba;3010.0;2708.0;-302.0
Canabrava do Norte;4788.0;4485.0;-303.0
Tanque do Piauí;2620.0;2316.0;-304.0
Dom Cavati;5209.0;4904.0;-305.0
Bento Fernandes;5113.0;4807.0;-306.0
Emas;3317.0;3011.0;-306.0
Barra do Rio Azul;2003.0;1696.0;-307.0
Montes Altos;9413.0;9106.0;-307.0
Wenceslau Braz;21851.0;21544.0;-307.0
Sede Nova;3011.0;2704.0;-307.0
Ibipitanga;14171.0;13863.0;-308.0
Charqueadas;35320.0;35012.0;-308.0
Boa Esperança do Iguaçu;2764.0;2455.0;-309.0
Gararu;11405.0;11096.0;-309.0
Fênix;4802.0;4492.0;-310.0
Duas Estradas;3638.0;3327.0;-311.0
Sonora;14827.0;14516.0;-311.0
Maçambará;4738.0;4425.0;-313.0
Januária;65463.0;65150.0;-313.0
Teresina de Goiás;3016.0;2701.0;-315.0
Vertente do Lério;7873.0;7558.0;-315.0
Lagoa do Mato;10887.0;10572.0;-315.0
Santa Adélia;14333.0;14018.0;-315.0
Camacho;3154.0;2838.0;-316.0
Diamante;6616.0;6299.0;-317.0
Cana Verde;5589.0;5272.0;-317.0
União da Serra;1487.0;1170.0;-317.0
Santo Amaro das Brotas;11410.0;11092.0;-318.0
São Felipe;20601.0;20283.0;-318.0
Santana de Mangueira;5328.0;5010.0;-318.0
Ibiraiaras;7095.0;6776.0;-319.0
Santa Cruz do Escalvado;4992.0;4673.0;-319.0
Jaboticaba;4098.0;3779.0;-319.0
Presidente Alves;4123.0;3804.0;-319.0
Santa Terezinha do Progresso;2896.0;2576.0;-320.0
Santana do Piauí;4445.0;4125.0;-320.0
Uauá;24985.0;24665.0;-320.0
Catingueira;4812.0;4491.0;-321.0
Itajá;11994.0;11672.0;-322.0
Baixio;6026.0;5704.0;-322.0
Dona Francisca;3401.0;3079.0;-322.0
Mamonas;6321.0;5997.0;-324.0
Ponte Alta do Bom Jesus;4544.0;4220.0;-324.0
Pintadas;10649.0;10325.0;-324.0
Jardim Alegre;12328.0;12004.0;-324.0
São João do Caiuá;5911.0;5586.0;-325.0
Santo Antônio do Retiro;6955.0;6629.0;-326.0
Nova Ibiá;6827.0;6501.0;-326.0
Israelândia;2887.0;2560.0;-327.0
Pedro Osório;7811.0;7484.0;-327.0
Ereré;6802.0;6474.0;-328.0
Messias;15733.0;15405.0;-328.0
Acauã;6749.0;6420.0;-329.0
Luiziânia;5030.0;4701.0;-329.0
Lagoa do Sítio;4850.0;4520.0;-330.0
Antônio Martins;6907.0;6577.0;-330.0
Itabirinha;10692.0;10362.0;-330.0
Uniflor;2466.0;2136.0;-330.0
Garrafão do Norte;25034.0;24703.0;-331.0
Itapecerica;21377.0;21046.0;-331.0
Arenópolis;3277.0;2946.0;-331.0
Arceburgo;9509.0;9177.0;-332.0
Trombas;3452.0;3120.0;-332.0
Ipiaçu;4107.0;3775.0;-332.0
Mathias Lobato;3370.0;3038.0;-332.0
Antônio Olinto;7351.0;7018.0;-333.0
Bonfinópolis de Minas;5865.0;5528.0;-337.0
Ibirapuitã;4061.0;3723.0;-338.0
Anita Garibaldi;8623.0;8285.0;-338.0
Sério;2279.0;1941.0;-338.0
Diamante do Sul;3510.0;3171.0;-339.0
Capitão Andrade;4925.0;4585.0;-340.0
Ibirarema;6725.0;6385.0;-340.0
Primeira Cruz;13954.0;13614.0;-340.0
Cristiano Otoni;5007.0;4667.0;-340.0
São Martinho da Serra;3201.0;2860.0;-341.0
Angical;14073.0;13732.0;-341.0
Castanheiras;3575.0;3233.0;-342.0
Passagem Franca;17562.0;17220.0;-342.0
Fronteira dos Vales;4687.0;4345.0;-342.0
São Vicente do Sul;8440.0;8097.0;-343.0
São Geraldo do Baixio;3486.0;3143.0;-343.0
Montividiu do Norte;4122.0;3779.0;-343.0
Dueré;4592.0;4248.0;-344.0
Monte Santo de Minas;21234.0;20890.0;-344.0
Ouro;7376.0;7032.0;-344.0
Jangada;7771.0;7426.0;-345.0
Juramento;4113.0;3768.0;-345.0
Antônio Dias;9565.0;9219.0;-346.0
Gameleiras;5139.0;4793.0;-346.0
Chuvisca;4944.0;4597.0;-347.0
Recursolândia;3768.0;3421.0;-347.0
Nova Guarita;4937.0;4590.0;-347.0
Barra do Ribeiro;12572.0;12225.0;-347.0
Jaborandi;15844.0;15496.0;-348.0
São João do Soter;17238.0;16889.0;-349.0
Coribe;14339.0;13990.0;-349.0
Mossâmedes;5003.0;4654.0;-349.0
São Jorge do Ivaí;5517.0;5168.0;-349.0
Capitão Leônidas Marques;14998.0;14648.0;-350.0
Manfrinópolis;3120.0;2770.0;-350.0
Floriano Peixoto;2018.0;1668.0;-350.0
Gouveia;11681.0;11331.0;-350.0
Icatu;25145.0;24794.0;-351.0
Catas Altas da Noruega;3462.0;3110.0;-352.0
Mariano Moro;2210.0;1858.0;-352.0
Santana dos Montes;3822.0;3469.0;-353.0
Sairé;11240.0;10887.0;-353.0
São Tomás de Aquino;7093.0;6740.0;-353.0
São Sebastião do Rio Preto;1613.0;1259.0;-354.0
Cariré;17987.0;17632.0;-355.0
Itaueira;10678.0;10323.0;-355.0
Francisco Santos;8592.0;8237.0;-355.0
Caranaíba;3288.0;2933.0;-355.0
Turvânia;4835.0;4480.0;-355.0
São José do Jacuri;6553.0;6197.0;-356.0
Tucunduva;5898.0;5542.0;-356.0
Araguapaz;7510.0;7153.0;-357.0
Galvão;3567.0;3210.0;-357.0
General Salgado;10669.0;10312.0;-357.0
Arraias;10645.0;10287.0;-358.0
Sebastião Barros;3560.0;3202.0;-358.0
Centenário do Sul;11190.0;10832.0;-358.0
Vila Nova do Sul;4221.0;3863.0;-358.0
São José das Missões;2720.0;2362.0;-358.0
Cícero Dantas;31266.0;30907.0;-359.0
Dezesseis de Novembro;2866.0;2507.0;-359.0
Santa Cruz dos Milagres;3794.0;3435.0;-359.0
Caiabu;4072.0;3712.0;-360.0
Francisco Dumont;4863.0;4503.0;-360.0
Godoy Moreira;3337.0;2977.0;-360.0
Brunópolis;2850.0;2489.0;-361.0
Santa Bárbara do Tugúrio;4570.0;4208.0;-362.0
David Canabarro;4683.0;4321.0;-362.0
Catuti;5102.0;4739.0;-363.0
Baliza;3715.0;3351.0;-364.0
Altair;3815.0;3451.0;-364.0
Aparecida d'Oeste;4450.0;4086.0;-364.0
Palmeirópolis;7339.0;6975.0;-364.0
Tomazina;8791.0;8426.0;-365.0
São Miguel das Missões;7421.0;7056.0;-365.0
Lebon Régis;11838.0;11472.0;-366.0
Veredinha;5549.0;5181.0;-368.0
Valente;24730.0;24362.0;-368.0
São Valentim;3632.0;3264.0;-368.0
Bom Jardim da Serra;4395.0;4026.0;-369.0
Marcelino Vieira;8265.0;7896.0;-369.0
Carrasco Bonito;3688.0;3318.0;-370.0
Aurilândia;3654.0;3284.0;-370.0
Crisópolis;20099.0;19729.0;-370.0
Reserva;24943.0;24573.0;-370.0
Lupércio;4353.0;3981.0;-372.0
Matrinchã;4414.0;4042.0;-372.0
Diamante do Norte;5516.0;5142.0;-374.0
Antônio Cardoso;11521.0;11146.0;-375.0
Ibirataia;19168.0;18792.0;-376.0
Nova Canaã do Norte;12084.0;11707.0;-377.0
Pedra Lavrada;7236.0;6859.0;-377.0
Aroeiras;19082.0;18705.0;-377.0
Mariluz;10224.0;9847.0;-377.0
Brás Pires;4637.0;4260.0;-377.0
Jacaré dos Homens;5461.0;5083.0;-378.0
São Francisco do Glória;5178.0;4800.0;-378.0
Santópolis do Aguapeí;4277.0;3899.0;-378.0
Itapura;4357.0;3979.0;-378.0
Terra Rica;15221.0;14842.0;-379.0
Campo Bonito;4407.0;4027.0;-380.0
Socorro do Piauí;4522.0;4141.0;-381.0
Ponte Serrada;11031.0;10649.0;-382.0
Corinto;23914.0;23532.0;-382.0
Pai Pedro;5934.0;5551.0;-383.0
São Miguel do Araguaia;22283.0;21900.0;-383.0
Toropi;2938.0;2554.0;-384.0
Ipuiúna;9521.0;9135.0;-386.0
São Roque do Canaã;11273.0;10886.0;-387.0
Felisburgo;6877.0;6489.0;-388.0
Herveiras;2954.0;2565.0;-389.0
Itamarati de Minas;4079.0;3690.0;-389.0
Araguacema;6317.0;5927.0;-390.0
Olho d'Água do Borges;4295.0;3905.0;-390.0
Passos Maia;4425.0;4034.0;-391.0
Pimenteiras;11733.0;11341.0;-392.0
Novorizonte;4963.0;4571.0;-392.0
Paranapoema;2791.0;2398.0;-393.0
Coronel Martins;2458.0;2065.0;-393.0
Leópolis;4145.0;3752.0;-393.0
Santana do Jacaré;4607.0;4214.0;-393.0
Capela Nova;4755.0;4362.0;-393.0
Palmitos;16020.0;15626.0;-394.0
Conceição da Barra de Minas;3954.0;3560.0;-394.0
São José da Lagoa Tapada;7520.0;7126.0;-394.0
Ibirajuba;7534.0;7140.0;-394.0
Raul Soares;23818.0;23423.0;-395.0
Nova Roma;3471.0;3076.0;-395.0
Cachoeira dos Índios;9546.0;9151.0;-395.0
Entre Rios do Sul;3080.0;2685.0;-395.0
Redentora;10135.0;9738.0;-397.0
Quebrangulo;11480.0;11080.0;-400.0
Porto Mauá;2542.0;2142.0;-400.0
Ibiara;6031.0;5631.0;-400.0
São Rafael;8111.0;7711.0;-400.0
Novo Oriente do Piauí;6498.0;6097.0;-401.0
Pratápolis;8807.0;8406.0;-401.0
Arara;12613.0;12212.0;-401.0
Arinos;17674.0;17272.0;-402.0
São José do Peixe;3700.0;3297.0;-403.0
Mariápolis;3916.0;3513.0;-403.0
Japi;5522.0;5117.0;-405.0
Silveira Martins;2434.0;2028.0;-406.0
Tumiritinga;6293.0;5886.0;-407.0
Afonso Cláudio;31091.0;30684.0;-407.0
Paineiras;4631.0;4224.0;-407.0
Xique-Xique;45164.0;44757.0;-407.0
Itapuca;2344.0;1937.0;-407.0
Irapuã;7275.0;6867.0;-408.0
Nova Rosalândia;3770.0;3362.0;-408.0
Conceição do Rio Verde;12949.0;12541.0;-408.0
Irituia;31364.0;30955.0;-409.0
Santa Amélia;3803.0;3394.0;-409.0
Aroazes;5779.0;5369.0;-410.0
Lagoa Bonita do Sul;2662.0;2251.0;-411.0
Vitória do Mearim;31217.0;30805.0;-412.0
Taipu;11836.0;11422.0;-414.0
Sem-Peixe;2847.0;2433.0;-414.0
Brazópolis;14661.0;14246.0;-415.0
Lajedinho;3943.0;3527.0;-416.0
Porto Amazonas;4514.0;4098.0;-416.0
Abaiara;10456.0;10038.0;-418.0
Camutanga;8168.0;7750.0;-418.0
Fátima;21781.0;21362.0;-419.0
Isaías Coelho;8193.0;7774.0;-419.0
Diorama;2481.0;2062.0;-419.0
Caturama;9260.0;8841.0;-419.0
Calumbi;5648.0;5228.0;-420.0
Sucupira do Riachão;5406.0;4985.0;-421.0
Baldim;7913.0;7492.0;-421.0
Feliz Natal;10942.0;10521.0;-421.0
Augusto de Lima;4960.0;4538.0;-422.0
Regeneração;17556.0;17133.0;-423.0
Marquinho;4928.0;4504.0;-424.0
Porto Estrela;3649.0;3224.0;-425.0
Jateí;4011.0;3586.0;-425.0
Jiquiriçá;14055.0;13629.0;-426.0
Guia Lopes da Laguna;10366.0;9940.0;-426.0
Duque Bacelar;10649.0;10223.0;-426.0
São Miguel do Anta;6760.0;6334.0;-426.0
Glicério;4565.0;4138.0;-427.0
Mata;5125.0;4698.0;-427.0
Serra Azul de Minas;4220.0;3792.0;-428.0
Machadinho D'Oeste;31135.0;30707.0;-428.0
Araruna;32102.0;31674.0;-428.0
Jequeri;12848.0;12419.0;-429.0
Estação;6011.0;5582.0;-429.0
Minador do Negrão;5275.0;4845.0;-430.0
Senhora do Porto;3497.0;3067.0;-430.0
Novo Horizonte do Norte;3780.0;3349.0;-431.0
Amparo do Serra;4972.0;4541.0;-431.0
Córrego Danta;3391.0;2960.0;-431.0
Buriti dos Montes;7866.0;7434.0;-432.0
Bias Fortes;3793.0;3361.0;-432.0
Abadia dos Dourados;6704.0;6272.0;-432.0
Farol;3472.0;3039.0;-433.0
Salesópolis;15635.0;15202.0;-433.0
Mendes;17935.0;17502.0;-433.0
Braga;3702.0;3268.0;-434.0
Flor da Serra do Sul;4798.0;4364.0;-434.0
Cândido Mota;29884.0;29449.0;-435.0
Governador Dix-Sept Rosado;12374.0;11938.0;-436.0
Mãe d'Água;4019.0;3583.0;-436.0
Santa Filomena do Maranhão;7133.0;6697.0;-436.0
Severiano de Almeida;3842.0;3406.0;-436.0
Itanagra;6352.0;5914.0;-438.0
Acari;11035.0;10597.0;-438.0
Derrubadas;3190.0;2751.0;-439.0
Colônia do Piauí;7433.0;6994.0;-439.0
Feliz Deserto;4403.0;3963.0;-440.0
São Raimundo do Doca Bezerra;6090.0;5650.0;-440.0
Acorizal;5454.0;5014.0;-440.0
Novo Alegre;2286.0;1846.0;-440.0
Guaraqueçaba;7871.0;7430.0;-441.0
Central;16789.0;16348.0;-441.0
Lapão;26178.0;25736.0;-442.0
Santa Brígida;15407.0;14965.0;-442.0
Rancho Alegre;3955.0;3512.0;-443.0
Pedras de Maria da Cruz;10876.0;10433.0;-443.0
Buriti Bravo;22899.0;22455.0;-444.0
Ronda Alta;10221.0;9777.0;-444.0
Pilar de Goiás;2773.0;2328.0;-445.0
Fazenda Nova;6322.0;5877.0;-445.0
Mangueirinha;17048.0;16603.0;-445.0
Itacurubi;3441.0;2995.0;-446.0
Santa Fé de Minas;3968.0;3522.0;-446.0
Bom Sucesso;28839.0;28393.0;-446.0
Tesouro;3472.0;3025.0;-447.0
Presidente Castelo Branco;4784.0;4336.0;-448.0
Primavera de Rondônia;3524.0;3076.0;-448.0
Murutinga do Sul;4186.0;3737.0;-449.0
Areiópolis;10579.0;10130.0;-449.0
Reserva do Cabaçal;2572.0;2122.0;-450.0
São Joaquim do Monte;20488.0;20037.0;-451.0
Santa Rosa de Viterbo;23862.0;23411.0;-451.0
Formoso;13060.0;12609.0;-451.0
Igaracy;6099.0;5648.0;-451.0
Joaquim Felício;4305.0;3854.0;-451.0
Alto Piquiri;10179.0;9727.0;-452.0
Divinópolis de Goiás;4909.0;4457.0;-452.0
Laje;21505.0;21052.0;-453.0
Tanque d'Arca;6249.0;5796.0;-453.0
Água Doce;6961.0;6508.0;-453.0
Pão de Açúcar;24277.0;23823.0;-454.0
Unistalda;2450.0;1995.0;-455.0
Brejo dos Santos;6198.0;5742.0;-456.0
Pirambu;8369.0;7913.0;-456.0
Ponte Alta;4894.0;4437.0;-457.0
Porto Vitória;4020.0;3562.0;-458.0
Jardim do Seridó;12113.0;11655.0;-458.0
Seringueiras;11629.0;11171.0;-458.0
Wanderlândia;10981.0;10522.0;-459.0
Cardoso;11805.0;11345.0;-460.0
Brejinho de Nazaré;5185.0;4725.0;-460.0
Equador;5822.0;5360.0;-462.0
Ponto dos Volantes;11345.0;10883.0;-462.0
Licínio de Almeida;12297.0;11834.0;-463.0
Leme do Prado;4804.0;4341.0;-463.0
Ribeirão do Pinhal;13524.0;13060.0;-464.0
Riacho da Cruz;3165.0;2701.0;-464.0
Jussari;6353.0;5888.0;-465.0
Paulo Frontin;6808.0;6343.0;-465.0
Biritinga;15612.0;15146.0;-466.0
São Pedro do Suaçuí;5570.0;5103.0;-467.0
Jacuizinho;2507.0;2040.0;-467.0
Mar Vermelho;3623.0;3155.0;-468.0
Alvarenga;4444.0;3975.0;-469.0
Diamante D'Oeste;5027.0;4557.0;-470.0
Campinas do Piauí;5408.0;4938.0;-470.0
Vassouras;34447.0;33976.0;-471.0
São José da Boa Vista;6511.0;6040.0;-471.0
Salgado de São Félix;11976.0;11505.0;-471.0
Mucambo;14138.0;13666.0;-472.0
Santo Afonso;2991.0;2519.0;-472.0
Rio Grande do Piauí;6273.0;5801.0;-472.0
Cajapió;10593.0;10121.0;-472.0
Cristalândia do Piauí;7831.0;7356.0;-475.0
Avaí;4959.0;4483.0;-476.0
Moreilândia;11017.0;10540.0;-477.0
Barra Longa;6143.0;5666.0;-477.0
Ibiassucê;10908.0;10429.0;-479.0
Hidrolina;4025.0;3545.0;-480.0
Nortelândia;6436.0;5956.0;-480.0
Palmeirais;13745.0;13264.0;-481.0
Putinga;4229.0;3747.0;-482.0
Ponto Belo;6979.0;6497.0;-482.0
Periquito;7036.0;6553.0;-483.0
Pereiro;15757.0;15274.0;-483.0
Santa Rita do Novo Destino;3173.0;2689.0;-484.0
Campo Novo;5459.0;4975.0;-484.0
Jaquirana;4177.0;3690.0;-487.0
Santa Cruz de Salinas;4397.0;3910.0;-487.0
Machacalis;6976.0;6487.0;-489.0
Xavantina;4142.0;3653.0;-489.0
Sardoá;5594.0;5104.0;-490.0
Coremas;15174.0;14683.0;-491.0
Foz do Jordão;5420.0;4926.0;-494.0
Reriutaba;19103.0;18606.0;-497.0
Pirapó;2757.0;2260.0;-497.0
Pindorama;15039.0;14542.0;-497.0
Santa Rosa do Piauí;5149.0;4650.0;-499.0
Barracão;15092.0;14590.0;-502.0
Barrolândia;5349.0;4846.0;-503.0
Araputanga;15290.0;14786.0;-504.0
Várzea do Poço;8606.0;8101.0;-505.0
Cruzaltense;2141.0;1635.0;-506.0
Canavieira;3921.0;3414.0;-507.0
São Jerônimo da Serra;11337.0;10830.0;-507.0
Divinolândia de Minas;7024.0;6516.0;-508.0
Guzolândia;4754.0;4246.0;-508.0
Jaicós;18035.0;17527.0;-508.0
Mamborê;13961.0;13452.0;-509.0
Malhador;12042.0;11533.0;-509.0
Humberto de Campos;26189.0;25680.0;-509.0
Auriflama;14202.0;13692.0;-510.0
Castro Alves;25222.0;24712.0;-510.0
Firmino Alves;5384.0;4873.0;-511.0
Itacarambi;17720.0;17208.0;-512.0
Cambuci;15128.0;14616.0;-512.0
Ibiracatu;5594.0;5081.0;-513.0
Dourado;8609.0;8096.0;-513.0
Pedrão;6749.0;6235.0;-514.0
Lajes;10381.0;9866.0;-515.0
Condeúba;17571.0;17053.0;-518.0
São Paulo das Missões;6364.0;5846.0;-518.0
Nova Fátima;15710.0;15192.0;-518.0
Bom Jesus da Serra;10249.0;9730.0;-519.0
Poção;11019.0;10500.0;-519.0
Terra Nova do Norte;11136.0;10616.0;-520.0
Ribeirão do Largo;10260.0;9740.0;-520.0
Vila Boa;4735.0;4215.0;-520.0
Santo Hipólito;3238.0;2717.0;-521.0
Alagoinha do Piauí;7341.0;6819.0;-522.0
Lavras do Sul;7679.0;7157.0;-522.0
Porto União;33493.0;32970.0;-523.0
Abatiá;7764.0;7241.0;-523.0
Aliança do Tocantins;5671.0;5147.0;-524.0
Bom Retiro;8942.0;8418.0;-524.0
João Dias;2601.0;2076.0;-525.0
São Salvador do Tocantins;2910.0;2385.0;-525.0
Rondinha;5518.0;4991.0;-527.0
Capetinga;7089.0;6562.0;-527.0
Santa Maria do Salto;5284.0;4755.0;-529.0
Paulistas;4918.0;4389.0;-529.0
Miraguaí;4957.0;4427.0;-530.0
Getulina;10765.0;10232.0;-533.0
Brejo Grande do Araguaia;7317.0;6783.0;-534.0
Solidão;5744.0;5210.0;-534.0
Teofilândia;21710.0;21176.0;-534.0
Santa Terezinha;36882.0;36347.0;-535.0
Coronel João Pessoa;4772.0;4237.0;-535.0
Ajuricaba;7255.0;6720.0;-535.0
Itaú de Minas;14945.0;14406.0;-539.0
São José dos Basílios;7496.0;6957.0;-539.0
Belo Monte;6476.0;5936.0;-540.0
Luís Gomes;9610.0;9070.0;-540.0
Santana da Vargem;7231.0;6691.0;-540.0
Pérola d'Oeste;6761.0;6221.0;-540.0
Candiba;13557.0;13016.0;-541.0
Viadutos;5311.0;4769.0;-542.0
Itapé;10883.0;10341.0;-542.0
Itaguaru;5446.0;4904.0;-542.0
Pavão;8589.0;8047.0;-542.0
Promissão;35674.0;35131.0;-543.0
Itaguaçu;14134.0;13589.0;-545.0
Garruchos;3234.0;2688.0;-546.0
Boa Ventura;5756.0;5207.0;-549.0
Nova Tebas;7398.0;6848.0;-550.0
Apuarema;7463.0;6913.0;-550.0
Mato Rico;3818.0;3267.0;-551.0
Mortugaba;11696.0;11143.0;-553.0
Porto Barreiro;3663.0;3110.0;-553.0
Araçagi;17199.0;16646.0;-553.0
Ielmo Marinho;12171.0;11615.0;-556.0
Estrela Velha;3628.0;3070.0;-558.0
Pescador;4128.0;3570.0;-558.0
Itápolis;40051.0;39493.0;-558.0
Umbuzeiro;9682.0;9124.0;-558.0
Portelândia;3839.0;3280.0;-559.0
Gouvelândia;4949.0;4390.0;-559.0
Arauá;10878.0;10318.0;-560.0
Pontão;3857.0;3296.0;-561.0
Santa Efigênia de Minas;4600.0;4039.0;-561.0
Herval;6753.0;6191.0;-562.0
Miranda do Norte;24427.0;23864.0;-563.0
São Sebastião da Amoreira;8626.0;8063.0;-563.0
Bituruna;16096.0;15533.0;-563.0
Camaquã;62764.0;62200.0;-564.0
Miravânia;4549.0;3985.0;-564.0
Riversul;6163.0;5599.0;-564.0
São José do Cerrito;9273.0;8708.0;-565.0
Senador Modestino Gonçalves;4574.0;4008.0;-566.0
Bonito de Santa Fé;10818.0;10252.0;-566.0
Santa Rita de Caldas;9027.0;8460.0;-567.0
Morpará;8563.0;7996.0;-567.0
São Sebastião do Maranhão;10647.0;10079.0;-568.0
Porto da Folha;27146.0;26576.0;-570.0
Vereda;6576.0;6003.0;-573.0
Cotegipe;13636.0;13063.0;-573.0
Mantena;27111.0;26535.0;-576.0
Montezuma;7464.0;6888.0;-576.0
Rio do Prado;5217.0;4639.0;-578.0
São José do Egito;31582.0;31004.0;-578.0
Cabrobó;30873.0;30294.0;-579.0
Nova Belém;3732.0;3151.0;-581.0
Umarizal;10659.0;10078.0;-581.0
Goioerê;29018.0;28437.0;-581.0
Jaboatão dos Guararapes;644620.0;644037.0;-583.0
José Gonçalves de Minas;4553.0;3969.0;-584.0
Manoel Vitorino;14445.0;13860.0;-585.0
Rianápolis;4566.0;3980.0;-586.0
Braúnas;5030.0;4441.0;-589.0
Palestina do Pará;7475.0;6885.0;-590.0
Rio Negrinho;39851.0;39261.0;-590.0
União de Minas;4418.0;3828.0;-590.0
Serra Dourada;17656.0;17066.0;-590.0
Juru;9826.0;9234.0;-592.0
Aragominas;5882.0;5290.0;-592.0
Cerrito;6402.0;5808.0;-594.0
Pacoti;11780.0;11186.0;-594.0
Iraí;8078.0;7482.0;-596.0
Morada Nova;62041.0;61443.0;-598.0
Janduís;5345.0;4746.0;-599.0
Figueirópolis D'Oeste;3787.0;3187.0;-600.0
Central de Minas;6772.0;6171.0;-601.0
Amorinópolis;3608.0;3007.0;-601.0
Aguiar;5604.0;5003.0;-601.0
Formigueiro;7014.0;6413.0;-601.0
Nova Luzitânia;3441.0;2837.0;-604.0
Riacho dos Machados;9360.0;8756.0;-604.0
Solânea;27380.0;26774.0;-606.0
Estrela do Sul;7446.0;6840.0;-606.0
Apiaí;25191.0;24585.0;-606.0
São Nicolau;5727.0;5118.0;-609.0
Claro dos Poções;7775.0;7166.0;-609.0
Liberdade;5346.0;4737.0;-609.0
Bom Jardim de Goiás;8435.0;7826.0;-609.0
Marcelândia;12006.0;11396.0;-610.0
Barreiros;40732.0;40121.0;-611.0
Paula Cândido;9271.0;8659.0;-612.0
Paim Filho;4243.0;3629.0;-614.0
Colniza;26381.0;25766.0;-615.0
Pinhão;36181.0;35563.0;-618.0
Ipê;6018.0;5399.0;-619.0
Porto Xavier;10558.0;9938.0;-620.0
Vicente Dutra;5285.0;4665.0;-620.0
Olho d'Água Grande;4950.0;4330.0;-620.0
Fortaleza de Minas;4098.0;3477.0;-621.0
Ouriçangas;8340.0;7716.0;-624.0
Maruim;16343.0;15719.0;-624.0
Roque Gonzales;7203.0;6576.0;-627.0
Volta Grande;5070.0;4443.0;-627.0
Cordeiros;8174.0;7546.0;-628.0
Tuneiras do Oeste;8695.0;8067.0;-628.0
Presidente Juscelino;15449.0;14821.0;-628.0
Palmópolis;6931.0;6301.0;-630.0
Poconé;31848.0;31217.0;-631.0
Gália;7011.0;6380.0;-631.0
Teixeirópolis;4888.0;4256.0;-632.0
Materlândia;4595.0;3963.0;-632.0
Barra de Guabiraba;12896.0;12263.0;-633.0
Cajobi;9768.0;9133.0;-635.0
Nova Cantu;7425.0;6790.0;-635.0
Jucuruçu;10290.0;9655.0;-635.0
Capinópolis;15290.0;14655.0;-635.0
Pocrane;8986.0;8350.0;-636.0
Carbonita;9148.0;8512.0;-636.0
Joselândia;15561.0;14924.0;-637.0
Esplanada;33191.0;32554.0;-637.0
Sátiro Dias;16646.0;16008.0;-638.0
Piraquê;2920.0;2282.0;-638.0
Cristália;5760.0;5121.0;-639.0
Campanário;3564.0;2923.0;-641.0
Rio Espera;6070.0;5429.0;-641.0
Luiziana;7332.0;6690.0;-642.0
Alegria;4294.0;3651.0;-643.0
Lago Verde;15412.0;14769.0;-643.0
Abel Figueiredo;6780.0;6136.0;-644.0
Mato Verde;12684.0;12038.0;-646.0
Planaltino;8670.0;8022.0;-648.0
Ibarama;4380.0;3732.0;-648.0
Plácido de Castro;17209.0;16560.0;-649.0
Caxambu;21705.0;21056.0;-649.0
Brejolândia;9757.0;9108.0;-649.0
Arroio do Tigre;12708.0;12058.0;-650.0
Muqui;14396.0;13745.0;-651.0
Catuípe;9325.0;8674.0;-651.0
Lambari D'Oeste;5441.0;4790.0;-651.0
Cerro Branco;4454.0;3802.0;-652.0
Araguaçu;8786.0;8133.0;-653.0
Castelândia;3638.0;2985.0;-653.0
Japaratuba;16864.0;16209.0;-655.0
Canto do Buriti;20020.0;19365.0;-655.0
Quarto Centenário;4856.0;4201.0;-655.0
Nazaré do Piauí;7321.0;6665.0;-656.0
Coração de Jesus;26033.0;25377.0;-656.0
Goiás;24727.0;24071.0;-656.0
Frei Miguelinho;14293.0;13636.0;-657.0
Santa Maria das Barreiras;17206.0;16548.0;-658.0
Maracaí;13332.0;12673.0;-659.0
Cachoeira Dourada;10759.0;10097.0;-662.0
Janiópolis;6532.0;5870.0;-662.0
Itinga;14407.0;13745.0;-662.0
Aguiarnópolis;5162.0;4497.0;-665.0
Nova Brasilândia;4597.0;3932.0;-665.0
Pinhal Grande;4471.0;3805.0;-666.0
Gramado Xavier;3970.0;3304.0;-666.0
Aldeias Altas;23952.0;23286.0;-666.0
Boa Esperança do Sul;13645.0;12978.0;-667.0
Pilões;10448.0;9780.0;-668.0
Espinosa;31113.0;30443.0;-670.0
Senador Rui Palmeira;12974.0;12303.0;-671.0
América Dourada;15810.0;15137.0;-673.0
Umari;7545.0;6871.0;-674.0
Verdelândia;8346.0;7672.0;-674.0
Cambará;23886.0;23212.0;-674.0
Rinópolis;9935.0;9259.0;-676.0
São José do Divino;8982.0;8305.0;-677.0
Carlinda;11011.0;10332.0;-679.0
Centenário;5531.0;4852.0;-679.0
Bodocó;35158.0;34478.0;-680.0
Agudo;16722.0;16041.0;-681.0
Palmeira d'Oeste;9584.0;8903.0;-681.0
Amaporã;5443.0;4762.0;-681.0
Ribeiro Gonçalves;6845.0;6164.0;-681.0
Vargem Alegre;6461.0;5780.0;-681.0
Olho d'Água das Cunhãs;18601.0;17919.0;-682.0
Tejupá;4809.0;4127.0;-682.0
Ivaté;7514.0;6831.0;-683.0
Jaguaribe;34409.0;33726.0;-683.0
Parecis;4810.0;4125.0;-685.0
Patos do Piauí;6110.0;5425.0;-685.0
São José do Povo;3561.0;2875.0;-686.0
Três Barras do Paraná;11824.0;11135.0;-689.0
Nova Ipixuna;14645.0;13955.0;-690.0
Gonzaga;5921.0;5230.0;-691.0
Nova Porteirinha;7398.0;6706.0;-692.0
Sobrália;5830.0;5137.0;-693.0
Paranacity;10250.0;9557.0;-693.0
Frei Inocêncio;8920.0;8226.0;-694.0
Nacip Raydan;3154.0;2459.0;-695.0
Cuparaque;4680.0;3983.0;-697.0
Santana dos Garrotes;7266.0;6569.0;-697.0
Iguaracy;11779.0;11081.0;-698.0
Guarani das Missões;8115.0;7415.0;-700.0
Assaré;22398.0;21697.0;-701.0
Jaguaretama;17934.0;17232.0;-702.0
Santa Tereza de Goiás;3995.0;3293.0;-702.0
Charrua;3471.0;2768.0;-703.0
Irapuru;7789.0;7085.0;-704.0
Pedralva;11467.0;10760.0;-707.0
São Pedro do Iguaçu;6491.0;5784.0;-707.0
Botumirim;6497.0;5790.0;-707.0
Petrolina de Goiás;10281.0;9573.0;-708.0
Barão de Melgaço;7961.0;7253.0;-708.0
São José da Vitória;6024.0;5315.0;-709.0
Santa Cruz do Arari;8155.0;7445.0;-710.0
Castanheira;8219.0;7506.0;-713.0
Tunas;4395.0;3681.0;-714.0
Encruzilhada do Sul;24534.0;23819.0;-715.0
Nepomuceno;25733.0;25018.0;-715.0
Altamira do Paraná;4306.0;3590.0;-716.0
São José de Espinharas;4800.0;4083.0;-717.0
Ataléia;14455.0;13736.0;-719.0
Maximiliano de Almeida;4911.0;4191.0;-720.0
Jussiape;8099.0;7379.0;-720.0
Santa Bárbara do Sul;8843.0;8122.0;-721.0
Coronel Macedo;5001.0;4280.0;-721.0
Peritoró;21201.0;20479.0;-722.0
Carmo do Paranaíba;29735.0;29011.0;-724.0
Mendes Pimentel;6331.0;5606.0;-725.0
Lizarda;3725.0;2999.0;-726.0
Novo Machado;3925.0;3198.0;-727.0
Itanhomi;11856.0;11128.0;-728.0
Aramari;10561.0;9833.0;-728.0
Galiléia;6951.0;6222.0;-729.0
Francinópolis;5235.0;4505.0;-730.0
Itaguaçu da Bahia;13041.0;12311.0;-730.0
Andirá;20610.0;19878.0;-732.0
Apuiarés;13661.0;12928.0;-733.0
Girau do Ponciano;36837.0;36102.0;-735.0
Teixeira Soares;10283.0;9547.0;-736.0
Itacambira;4988.0;4252.0;-736.0
Choró;12853.0;12113.0;-740.0
Patis;5579.0;4837.0;-742.0
Jaramataia;5727.0;4985.0;-742.0
Nova Maringá;6590.0;5846.0;-744.0
Estrela do Indaiá;3516.0;2772.0;-744.0
Paratinga;29998.0;29252.0;-746.0
Salto da Divisa;6859.0;6110.0;-749.0
Lajedo do Tabocal;8244.0;7494.0;-750.0
Primeiro de Maio;10832.0;10082.0;-750.0
Sertão;6294.0;5541.0;-753.0
Reserva do Iguaçu;7307.0;6553.0;-754.0
Ibitiara;15392.0;14637.0;-755.0
Nova Palma;6342.0;5586.0;-756.0
Barão de Monte Alto;5720.0;4964.0;-756.0
Vera Cruz do Oeste;8973.0;8215.0;-758.0
Divino das Laranjeiras;4937.0;4178.0;-759.0
São Felipe D'Oeste;6018.0;5258.0;-760.0
Simolândia;6507.0;5742.0;-765.0
Macururé;8021.0;7256.0;-765.0
Franciscópolis;5800.0;5034.0;-766.0
Marajá do Sena;7794.0;7027.0;-767.0
Cândido Sales;26015.0;25247.0;-768.0
Engenheiro Navarro;7122.0;6354.0;-768.0
Manhumirim;21382.0;20613.0;-769.0
Betânia;12003.0;11232.0;-771.0
Jampruca;5067.0;4296.0;-771.0
Caiçara;12210.0;11438.0;-772.0
Ciríaco;4922.0;4149.0;-773.0
Padre Carvalho;5834.0;5058.0;-776.0
Guarará;3929.0;3149.0;-780.0
Monte Azul Paulista;18931.0;18151.0;-780.0
São José da Bela Vista;8406.0;7626.0;-780.0
Rio dos Índios;3616.0;2835.0;-781.0
Crisólita;6047.0;5265.0;-782.0
Acajutiba;14577.0;13795.0;-782.0
Fronteiras;11042.0;10259.0;-783.0
Rio Preto da Eva;25719.0;24936.0;-783.0
Coreaú;21738.0;20953.0;-785.0
São Pedro do Sul;16368.0;15577.0;-791.0
Santos;419400.0;418608.0;-792.0
Aratuba;12016.0;11224.0;-792.0
Central do Maranhão;7887.0;7094.0;-793.0
Palmas de Monte Alto;20872.0;20078.0;-794.0
Casinhas;13766.0;12967.0;-799.0
Antonina;18891.0;18091.0;-800.0
Cidelândia;13681.0;12878.0;-803.0
Cerro Azul;16938.0;16134.0;-804.0
São João do Oriente;7874.0;7070.0;-804.0
Venha-Ver;3821.0;3014.0;-807.0
Itagimirim;7154.0;6347.0;-807.0
Mineiros do Tietê;12038.0;11230.0;-808.0
Nova Floresta;10533.0;9724.0;-809.0
Oliveira dos Brejinhos;21524.0;20715.0;-809.0
Novo Mundo;7332.0;6520.0;-812.0
Macajuba;11268.0;10454.0;-814.0
Romelândia;5637.0;4823.0;-814.0
Marcelino Ramos;5134.0;4320.0;-814.0
Campos do Jordão;47789.0;46974.0;-815.0
Barra do Rocha;6591.0;5775.0;-816.0
Paraíso do Sul;7336.0;6519.0;-817.0
Cravolândia;5233.0;4415.0;-818.0
São Miguel das Matas;11155.0;10334.0;-821.0
Progresso;6163.0;5340.0;-823.0
Porto Esperidião;11031.0;10204.0;-827.0
Itauçu;8563.0;7736.0;-827.0
Rio Pardo de Minas;29099.0;28271.0;-828.0
Santana do Matos;13284.0;12456.0;-828.0
São Benedito do Sul;13941.0;13113.0;-828.0
Bom Jesus do Galho;15364.0;14536.0;-828.0
Nova Olímpia;23018.0;22185.0;-833.0
Dois Irmãos do Tocantins;7161.0;6327.0;-834.0
São João da Ponta;5265.0;4430.0;-835.0
General Câmara;8447.0;7612.0;-835.0
Madalena;17731.0;16896.0;-835.0
Lago do Junco;10343.0;9506.0;-837.0
Engenheiro Paulo de Frontin;13080.0;12242.0;-838.0
Palma;6545.0;5707.0;-838.0
Rio do Pires;11336.0;10497.0;-839.0
Anaurilândia;8493.0;7653.0;-840.0
Matina;11171.0;10330.0;-841.0
Mantenópolis;13612.0;12770.0;-842.0
Doutor Maurício Cardoso;5313.0;4470.0;-843.0
Irajuba;6946.0;6101.0;-845.0
Guaraniaçu;14582.0;13735.0;-847.0
Amarante do Maranhão;37932.0;37085.0;-847.0
Morro do Chapéu;34441.0;33594.0;-847.0
Paulo Jacinto;7426.0;6576.0;-850.0
Itambaracá;6759.0;5908.0;-851.0
Barra do Turvo;7729.0;6876.0;-853.0
Itaguatins;6029.0;5172.0;-857.0
São João do Ivaí;11525.0;10667.0;-858.0
Cacimba de Dentro;16923.0;16064.0;-859.0
Cabaceiras do Paraguaçu;17420.0;16559.0;-861.0
Coluna;9024.0;8163.0;-861.0
Cristalândia;7234.0;6371.0;-863.0
Nova Timboteua;13670.0;12806.0;-864.0
Capela do Alto Alegre;11609.0;10744.0;-865.0
Pereira Barreto;24962.0;24095.0;-867.0
Palmeiras do Tocantins;5740.0;4872.0;-868.0
Medina;21026.0;20156.0;-870.0
Olho d'Água;6931.0;6060.0;-871.0
Nilo Peçanha;12935.0;12063.0;-872.0
Nhandeara;10725.0;9852.0;-873.0
Belém do Brejo do Cruz;7143.0;6268.0;-875.0
Braganey;5735.0;4854.0;-881.0
Heliópolis;13192.0;12309.0;-883.0
Quatipuru;12411.0;11524.0;-887.0
Itapiúna;18732.0;17841.0;-891.0
Lagoão;6233.0;5341.0;-892.0
Taquari;26092.0;25198.0;-894.0
Araripe;20679.0;19783.0;-896.0
Vila Nova dos Martírios;11258.0;10362.0;-896.0
Jaguari;11475.0;10579.0;-896.0
Banzaê;12854.0;11958.0;-896.0
Boquim;25533.0;24636.0;-897.0
Elesbão Veloso;14512.0;13607.0;-905.0
Urandi;16260.0;15355.0;-905.0
São Francisco do Piauí;6298.0;5392.0;-906.0
Santo Antônio das Missões;11210.0;10300.0;-910.0
Alpestre;8027.0;7117.0;-910.0
Arroio Grande;18470.0;17558.0;-912.0
Lagoa dos Patos;4225.0;3313.0;-912.0
Mirangaba;16649.0;15734.0;-915.0
Aporá;16838.0;15922.0;-916.0
Coronel Murta;9117.0;8200.0;-917.0
Tapiratiba;12737.0;11816.0;-921.0
Alecrim;7045.0;6123.0;-922.0
Iramaia;11675.0;10752.0;-923.0
Severínia;15501.0;14576.0;-925.0
Manga;19813.0;18886.0;-927.0
Guapiara;17998.0;17071.0;-927.0
Tombos;9537.0;8609.0;-928.0
Guiricema;8707.0;7778.0;-929.0
Pedro Avelino;7171.0;6242.0;-929.0
Itaparica;20725.0;19789.0;-936.0
Doverlândia;7892.0;6956.0;-936.0
Josenópolis;4566.0;3630.0;-936.0
Goioxim;7503.0;6566.0;-937.0
Nova União;13048.0;12109.0;-939.0
Conceição do Araguaia;45557.0;44617.0;-940.0
Gastão Vidigal;4193.0;3252.0;-941.0
Gurinhatã;6137.0;5192.0;-945.0
Ariranha;8547.0;7602.0;-945.0
São José de Princesa;4364.0;3416.0;-948.0
Barbosa;6593.0;5640.0;-953.0
Patu;11964.0;11007.0;-957.0
Passo de Camaragibe;14763.0;13804.0;-959.0
Imaculada;11352.0;10392.0;-960.0
Altamira do Maranhão;7407.0;6447.0;-960.0
Cabixi;6313.0;5351.0;-962.0
Malhada;16361.0;15398.0;-963.0
Itatiba do Sul;4171.0;3208.0;-963.0
Guarani;8678.0;7714.0;-964.0
Cipotânea;6547.0;5581.0;-966.0
Alto Paraíso;20341.0;19375.0;-966.0
Xambioá;11484.0;10517.0;-967.0
Barbacena;126284.0;125317.0;-967.0
Setubinha;10885.0;9917.0;-968.0
Pindaí;15700.0;14731.0;-969.0
Lagamar;7600.0;6631.0;-969.0
Tambaú;22406.0;21435.0;-971.0
Restinga Sêca;15911.0;14939.0;-972.0
São Tomé;16176.0;15204.0;-972.0
São Simão;31434.0;30462.0;-972.0
Belém de Maria;11353.0;10378.0;-975.0
Sertânia;33787.0;32811.0;-976.0
Juruena;11190.0;10213.0;-977.0
Santana de Pirapama;8009.0;7030.0;-979.0
Branquinha;10583.0;9603.0;-980.0
Ibaretama;12939.0;11956.0;-983.0
Grandes Rios;6625.0;5641.0;-984.0
Indaiabira;7330.0;6346.0;-984.0
Jurema;19058.0;18073.0;-985.0
Pirpirituba;10327.0;9340.0;-987.0
Amélia Rodrigues;25125.0;24138.0;-987.0
Iaçu;25595.0;24607.0;-988.0
Ibiá;23218.0;22229.0;-989.0
Cujubim;15854.0;14863.0;-991.0
Conceição da Barra;28449.0;27458.0;-991.0
Bossoroca;6884.0;5890.0;-994.0
Guaraçaí;8435.0;7441.0;-994.0
Jatobá;22489.0;21491.0;-998.0
Liberato Salzano;5780.0;4781.0;-999.0
Santa Rita do Araguaia;6924.0;5924.0;-1000.0
Machado;38688.0;37684.0;-1004.0
Massapê do Piauí;6222.0;5218.0;-1004.0
Rio Vermelho;13645.0;12641.0;-1004.0
Garça;43115.0;42110.0;-1005.0
Miguelópolis;20451.0;19441.0;-1010.0
Honório Serpa;5955.0;4941.0;-1014.0
Presidente Jânio Quadros;13635.0;12621.0;-1014.0
Campos Verdes;5020.0;4005.0;-1015.0
Ponta de Pedras;25999.0;24984.0;-1015.0
Jenipapo de Minas;7116.0;6100.0;-1016.0
Mascote;14562.0;13544.0;-1018.0
Monte do Carmo;6716.0;5694.0;-1022.0
Ubaíra;19664.0;18626.0;-1038.0
Monte Alegre de Goiás;7730.0;6692.0;-1038.0
Taguatinga;15051.0;14011.0;-1040.0
Barro Preto;6873.0;5833.0;-1040.0
Segredo;7050.0;6009.0;-1041.0
Amaral Ferrador;6353.0;5310.0;-1043.0
Querência do Norte;11729.0;10685.0;-1044.0
Costa Marques;13678.0;12627.0;-1051.0
Borborema;19491.0;18440.0;-1051.0
Major Isidoro;18753.0;17700.0;-1053.0
Porto Lucena;5413.0;4360.0;-1053.0
São Manuel;38342.0;37289.0;-1053.0
Joaíma;14941.0;13888.0;-1053.0
Conchas;16288.0;15232.0;-1056.0
Carangola;32296.0;31240.0;-1056.0
São José de Caiana;6094.0;5034.0;-1060.0
Giruá;17075.0;16013.0;-1062.0
Candeal;8837.0;7772.0;-1065.0
Uraí;11472.0;10406.0;-1066.0
Peixe;10384.0;9317.0;-1067.0
Iguatemi;14875.0;13808.0;-1067.0
Santa Cruz das Palmeiras;29932.0;28864.0;-1068.0
Campestre do Maranhão;13369.0;12301.0;-1068.0
Tarrafas;8597.0;7529.0;-1068.0
Matias Cardoso;9964.0;8895.0;-1069.0
Jandaíra;16916.0;15847.0;-1069.0
Orobó;22878.0;21808.0;-1070.0
Riachão do Dantas;19386.0;18313.0;-1073.0
Fraiburgo;34556.0;33481.0;-1075.0
Erval Seco;7863.0;6787.0;-1076.0
Nioaque;14304.0;13220.0;-1084.0
Senador Pompeu;25350.0;24266.0;-1084.0
Sebastião Laranjeiras;10444.0;9360.0;-1084.0
São Geraldo da Piedade;4389.0;3305.0;-1084.0
Pedro Gomes;8026.0;6941.0;-1085.0
Almadina;6304.0;5218.0;-1086.0
Almas;7586.0;6499.0;-1087.0
Dois Riachos;10894.0;9805.0;-1089.0
Cerro Grande do Sul;10268.0;9178.0;-1090.0
Bequimão;20674.0;19584.0;-1090.0
Jacinto;12134.0;11042.0;-1092.0
Santana do Maranhão;11661.0;10567.0;-1094.0
Cururupu;32652.0;31558.0;-1094.0
Alto Santo;15250.0;14155.0;-1095.0
Joanésia;5425.0;4329.0;-1096.0
Rosário;39576.0;38475.0;-1101.0
Virgolândia;5658.0;4552.0;-1106.0
São Jerônimo;22134.0;21028.0;-1106.0
Areia;23742.0;22633.0;-1109.0
Jacupiranga;17208.0;16097.0;-1111.0
Palmeira das Missões;34328.0;33216.0;-1112.0
Alto Alegre do Maranhão;25164.0;24048.0;-1116.0
Igrapiúna;14270.0;13151.0;-1119.0
Cordisburgo;8667.0;7547.0;-1120.0
Barra Bonita;37135.0;36014.0;-1121.0
São Lourenço do Sul;43111.0;41989.0;-1122.0
Grão Mogol;15024.0;13901.0;-1123.0
Ituverava;38695.0;37571.0;-1124.0
Ipueiras;39515.0;38388.0;-1127.0
Barão do Triunfo;7018.0;5889.0;-1129.0
Paripiranga;27740.0;26604.0;-1136.0
Vitória do Jari;12428.0;11291.0;-1137.0
Santa Maria da Vitória;39743.0;38604.0;-1139.0
Itamari;8190.0;7051.0;-1139.0
Cerejeiras;17029.0;15890.0;-1139.0
Mirante do Paranapanema;17059.0;15917.0;-1142.0
Buenópolis;10292.0;9150.0;-1142.0
Sengés;18414.0;17270.0;-1144.0
São Sebastião do Alto;8895.0;7750.0;-1145.0
Ribeirão Bonito;12135.0;10989.0;-1146.0
Mutuípe;21184.0;20037.0;-1147.0
Jóia;8331.0;7184.0;-1147.0
Dores do Indaiá;13778.0;12630.0;-1148.0
São José dos Quatro Marcos;18998.0;17849.0;-1149.0
Pendências;13432.0;12278.0;-1154.0
Paraguaçu Paulista;42278.0;41120.0;-1158.0
Tamboril;25974.0;24815.0;-1159.0
Passa Sete;5143.0;3983.0;-1160.0
Firminópolis;11582.0;10419.0;-1163.0
Rio do Antônio;14312.0;13146.0;-1166.0
Fontoura Xavier;10719.0;9550.0;-1169.0
Arataca;11361.0;10191.0;-1170.0
Pindobaçu;20257.0;19083.0;-1174.0
Caçapava do Sul;33690.0;32515.0;-1175.0
Vale do Sol;11077.0;9897.0;-1180.0
Morro Agudo;29116.0;27933.0;-1183.0
Marcionílio Souza;10451.0;9267.0;-1184.0
Paulo de Faria;8589.0;7400.0;-1189.0
São Pedro dos Ferros;8356.0;7166.0;-1190.0
Arapoema;6742.0;5550.0;-1192.0
Guarantã do Norte;32216.0;31024.0;-1192.0
São Sebastião do Passé;42153.0;40958.0;-1195.0
Iati;18360.0;17165.0;-1195.0
Crissiumal;14084.0;12886.0;-1198.0
Tapiramutá;17016.0;15818.0;-1198.0
Caconde;18301.0;17101.0;-1200.0
Igaci;25197.0;23995.0;-1202.0
Iguatama;8029.0;6826.0;-1203.0
Bom Conselho;45503.0;44294.0;-1209.0
São Francisco do Brejão;10261.0;9051.0;-1210.0
Alegre;30392.0;29177.0;-1215.0
Maurilândia;11521.0;10304.0;-1217.0
Santana da Boa Vista;8242.0;7024.0;-1218.0
Ecoporanga;23212.0;21992.0;-1220.0
Nova Cruz;35490.0;34269.0;-1221.0
Campos Altos;14206.0;12979.0;-1227.0
Ibiraci;12176.0;10948.0;-1228.0
Chã Preta;7138.0;5910.0;-1228.0
Poço das Trincheiras;13748.0;12518.0;-1230.0
Uruará;44789.0;43558.0;-1231.0
São José do Campestre;12356.0;11121.0;-1235.0
Capoeiras;19581.0;18338.0;-1243.0
Ferros;10837.0;9590.0;-1247.0
Canguaretama;30916.0;29668.0;-1248.0
Itiúba;35121.0;33872.0;-1249.0
Guará;19858.0;18606.0;-1252.0
Barra de Santa Rosa;14157.0;12904.0;-1253.0
Jaqueira;11501.0;10247.0;-1254.0
Tangará;22681.0;21424.0;-1257.0
Bacuri;17548.0;16290.0;-1258.0
Malacacheta;18776.0;17516.0;-1260.0
Laranjal;12825.0;11563.0;-1262.0
Cumaru;17183.0;15920.0;-1263.0
Corumbiara;8783.0;7519.0;-1264.0
Candelária;30171.0;28906.0;-1265.0
Alto Rio Doce;12159.0;10891.0;-1268.0
Umirim;18741.0;17470.0;-1271.0
Inácio Martins;10943.0;9670.0;-1273.0
Santa Filomena;19467.0;18193.0;-1274.0
Tomar do Geru;13287.0;12012.0;-1275.0
Miradouro;10251.0;8968.0;-1283.0
Palmares Paulista;10934.0;9650.0;-1284.0
Fruta de Leite;5940.0;4647.0;-1293.0
Entre Rios;42794.0;41500.0;-1294.0
Piaçabuçu;17203.0;15908.0;-1295.0
Quijingue;26575.0;25272.0;-1303.0
Cariús;18320.0;17015.0;-1305.0
Itapebi;10482.0;9174.0;-1308.0
Bujaru;25695.0;24383.0;-1312.0
Campina Verde;19324.0;18011.0;-1313.0
Rincão;10414.0;9098.0;-1316.0
Novo Repartimento;62050.0;60732.0;-1318.0
Butiá;20406.0;19084.0;-1322.0
Jaguarão;27931.0;26603.0;-1328.0
Dom Feliciano;14380.0;13051.0;-1329.0
Tiradentes do Sul;6461.0;5129.0;-1332.0
São Geraldo do Araguaia;25587.0;24255.0;-1332.0
Natuba;10277.0;8945.0;-1332.0
Juquitiba;28737.0;27404.0;-1333.0
Açucena;10276.0;8943.0;-1333.0
Itaipé;11798.0;10463.0;-1335.0
Concórdia do Pará;28216.0;26881.0;-1335.0
Alto Alegre dos Parecis;12816.0;11479.0;-1337.0
Currais Novos;42652.0;41313.0;-1339.0
Itaju do Colônia;7376.0;6037.0;-1339.0
Mairi;19015.0;17674.0;-1341.0
Palmeirina;8373.0;7031.0;-1342.0
Campos Sales;26478.0;25135.0;-1343.0
Taquara;54590.0;53242.0;-1348.0
Júlio de Castilhos;19579.0;18226.0;-1353.0
Serraria;6238.0;4885.0;-1353.0
Taperoá;33471.0;32112.0;-1359.0
Itarantim;18412.0;17052.0;-1360.0
Nova Redenção;8898.0;7538.0;-1360.0
São Vicente Ferrer;20863.0;19498.0;-1365.0
Santa Mariana;12435.0;11066.0;-1369.0
Brejo de Areia;10590.0;9218.0;-1372.0
Coronel Domingos Soares;7022.0;5649.0;-1373.0
Dianópolis;19112.0;17739.0;-1373.0
Riachinho;12198.0;10823.0;-1375.0
Santa Lúcia;12171.0;10793.0;-1378.0
Paramoti;11763.0;10384.0;-1379.0
Santa Maria do Oeste;11316.0;9934.0;-1382.0
Inhambupe;35176.0;33790.0;-1386.0
Itambé;66827.0;65440.0;-1387.0
São Francisco;63139.0;61744.0;-1395.0
Farias Brito;19617.0;18217.0;-1400.0
Pitangueiras;38121.0;36720.0;-1401.0
Moreno;56696.0;55292.0;-1404.0
Cândido de Abreu;16655.0;15244.0;-1411.0
Rio Casca;14201.0;12789.0;-1412.0
São Roberto;5957.0;4544.0;-1413.0
Rio Sono;6254.0;4841.0;-1413.0
Jaru;52005.0;50591.0;-1414.0
Ibateguara;15149.0;13731.0;-1418.0
Conselheiro Pena;22242.0;20824.0;-1418.0
Boqueirão do Leão;7673.0;6247.0;-1426.0
Mimoso do Sul;25902.0;24475.0;-1427.0
São João da Ponte;25358.0;23930.0;-1428.0
Moreira Sales;12606.0;11175.0;-1431.0
Cláudia;11028.0;9593.0;-1435.0
Francisco Sá;24912.0;23476.0;-1436.0
Pedrinhas;8833.0;7396.0;-1437.0
Murici;26627.0;25187.0;-1440.0
Potengi;10273.0;8833.0;-1440.0
Santo Antônio do Jacinto;11775.0;10327.0;-1448.0
Capela;48128.0;46677.0;-1451.0
Engenheiro Beltrão;13906.0;12454.0;-1452.0
Carlos Chagas;20069.0;18615.0;-1454.0
Américo Brasiliense;34478.0;33019.0;-1459.0
Orlândia;39781.0;38319.0;-1462.0
Sabinópolis;15704.0;14240.0;-1464.0
Itupiranga;51220.0;49754.0;-1466.0
Santa Luzia D'Oeste;8886.0;7419.0;-1467.0
Serra dos Aimorés;8412.0;6944.0;-1468.0
Saloá;15309.0;13836.0;-1473.0
São Pedro do Ivaí;10167.0;8690.0;-1477.0
Dário Meira;12309.0;10820.0;-1489.0
Sinimbu;10068.0;8578.0;-1490.0
Paranaiguara;9100.0;7607.0;-1493.0
Vila Rica;21382.0;19888.0;-1494.0
Campos Gerais;27600.0;26105.0;-1495.0
Denise;8513.0;7014.0;-1499.0
Água Fria;15997.0;14497.0;-1500.0
Timbiras;27997.0;26484.0;-1513.0
Padre Paraíso;18849.0;17334.0;-1515.0
Jequitaí;8005.0;6484.0;-1521.0
São Luís do Curu;12347.0;10822.0;-1525.0
São Luís do Quitunde;32412.0;30873.0;-1539.0
Abaíra;8841.0;7301.0;-1540.0
Ibiaí;7839.0;6286.0;-1553.0
Tamarana;12262.0;10707.0;-1555.0
Poço Branco;13949.0;12390.0;-1559.0
Caicó;62709.0;61146.0;-1563.0
Guajeru;9614.0;8050.0;-1564.0
Pinheiro Machado;12780.0;11214.0;-1566.0
Bela Vista;23192.0;21613.0;-1579.0
Macau;28954.0;27369.0;-1585.0
Cacaulândia;5736.0;4150.0;-1586.0
Lagoa dos Gatos;15665.0;14076.0;-1589.0
Vale do Anari;9384.0;7788.0;-1596.0
Inhapim;24294.0;22692.0;-1602.0
Coronel Bicaco;7748.0;6144.0;-1604.0
Santa Maria do Suaçuí;14395.0;12788.0;-1607.0
Piquete;14107.0;12490.0;-1617.0
Ibicuí;15552.0;13934.0;-1618.0
Trairão;16875.0;15242.0;-1633.0
São Francisco de Assis;19254.0;17618.0;-1636.0
Porto Calvo;25708.0;24071.0;-1637.0
Comercinho;8298.0;6660.0;-1638.0
Itapajé;48070.0;46426.0;-1644.0
Jacuípe;6997.0;5352.0;-1645.0
Santa Rita do Passa Quatro;26478.0;24833.0;-1645.0
Boa Nova;15341.0;13690.0;-1651.0
Novo Lino;11673.0;10020.0;-1653.0
Lagoa de Itaenga;20659.0;19003.0;-1656.0
São Sebastião da Grama;12099.0;10441.0;-1658.0
Pau Brasil;11028.0;9370.0;-1658.0
Coruripe;52072.0;50414.0;-1658.0
Belmonte;24439.0;22779.0;-1660.0
Adustina;15861.0;14201.0;-1660.0
Euclides da Cunha Paulista;9585.0;7924.0;-1661.0
Altinho;22337.0;20674.0;-1663.0
Monte Azul;21994.0;20328.0;-1666.0
Itapecuru Mirim;62110.0;60440.0;-1670.0
Aliança;37415.0;35741.0;-1674.0
Nova Soure;25911.0;24236.0;-1675.0
Salto do Jacuí;11880.0;10203.0;-1677.0
Lago da Pedra;46083.0;44403.0;-1680.0
Igreja Nova;23074.0;21372.0;-1702.0
Orós;21389.0;19675.0;-1714.0
Araçuaí;36013.0;34297.0;-1716.0
Cornélio Procópio;46928.0;45206.0;-1722.0
Pedreiras;38777.0;37050.0;-1727.0
Pedra Branca;45654.0;43926.0;-1728.0
Taquaritinga;53988.0;52260.0;-1728.0
Itaeté;15200.0;13472.0;-1728.0
Milagres;38701.0;36971.0;-1730.0
João Neiva;15809.0;14079.0;-1730.0
Vale do Paraíso;8210.0;6479.0;-1731.0
Anicuns;20242.0;18503.0;-1739.0
Independência;32191.0;30451.0;-1740.0
Igarapava;27952.0;26212.0;-1740.0
Barra do Bugres;31146.0;29403.0;-1743.0
Palmácia;11994.0;10242.0;-1752.0
Boa Vista do Tupim;18630.0;16873.0;-1757.0
Tremedal;18055.0;16296.0;-1759.0
Itambacuri;22809.0;21042.0;-1767.0
Brejões;14711.0;12943.0;-1768.0
Utinga;18049.0;16277.0;-1772.0
Altônia;20516.0;18742.0;-1774.0
Ipecaetá;15487.0;13709.0;-1778.0
Canapi;17338.0;15559.0;-1779.0
Itiruçu;12785.0;10999.0;-1786.0
Guimarães;12081.0;10290.0;-1791.0
São Gabriel;78888.0;77087.0;-1801.0
Montalvânia;15862.0;14060.0;-1802.0
Presidente Epitácio;41318.0;39505.0;-1813.0
Virgem da Lapa;13619.0;11804.0;-1815.0
Flores;22169.0;20347.0;-1822.0
São Luís Gonzaga do Maranhão;19645.0;17818.0;-1827.0
Paraibano;20103.0;18274.0;-1829.0
Propriá;28451.0;26618.0;-1833.0
Barros Cassal;11133.0;9296.0;-1837.0
General Carneiro;18941.0;17099.0;-1842.0
Iaciara;12427.0;10584.0;-1843.0
Itaobim;21001.0;19151.0;-1850.0
Estrela de Alagoas;17287.0;15429.0;-1858.0
Barbosa Ferraz;12656.0;10795.0;-1861.0
Boquira;21184.0;19322.0;-1862.0
Buritirana;14784.0;12918.0;-1866.0
São José da Laje;22686.0;20813.0;-1873.0
Ruy Barbosa;33363.0;31488.0;-1875.0
Santa Cruz da Vitória;6557.0;4681.0;-1876.0
Eldorado;26335.0;24455.0;-1880.0
Borba;34961.0;33080.0;-1881.0
Dionísio;8739.0;6847.0;-1892.0
Saúde;12373.0;10478.0;-1895.0
Limoeiro de Anadia;26636.0;24740.0;-1896.0
Conceição do Almeida;17698.0;15794.0;-1904.0
Dom Pedrito;38898.0;36981.0;-1917.0
Barra do Piraí;94808.0;92883.0;-1925.0
Cajari;18338.0;16412.0;-1926.0
Tapes;16629.0;14695.0;-1934.0
Saboeiro;15792.0;13854.0;-1938.0
Careiro;32734.0;30792.0;-1942.0
Penedo;60596.0;58650.0;-1946.0
Belém do São Francisco;20253.0;18301.0;-1952.0
Caeté;40750.0;38776.0;-1974.0
Terra Nova;21707.0;19718.0;-1989.0
São Borja;61671.0;59676.0;-1995.0
Maraã;17528.0;15529.0;-1999.0
Poté;15667.0;13666.0;-2001.0
Boa Viagem;52421.0;50411.0;-2010.0
Monte Santo;49793.0;47780.0;-2013.0
Baixa Grande;20240.0;18220.0;-2020.0
Parnarama;33281.0;31250.0;-2031.0
São Domingos do Araguaia;23130.0;21092.0;-2038.0
Miracatu;20592.0;18553.0;-2039.0
São João do Jaguaribe;7900.0;5855.0;-2045.0
Alto Paraguai;10066.0;8009.0;-2057.0
Cruz Machado;18040.0;15978.0;-2062.0
Várzea da Palma;35809.0;33744.0;-2065.0
Itanhém;19884.0;17813.0;-2071.0
Rosário Oeste;17527.0;15453.0;-2074.0
Angra dos Reis;169511.0;167434.0;-2077.0
Cruzeiro;77039.0;74961.0;-2078.0
Neópolis;18506.0;16426.0;-2080.0
Jauru;10448.0;8367.0;-2081.0
Espírito Santo do Pinhal;41907.0;39816.0;-2091.0
Juquiá;19246.0;17154.0;-2092.0
Rubelita;7772.0;5679.0;-2093.0
Aparecida;42627.0;40529.0;-2098.0
Miguel Calmon;26761.0;24661.0;-2100.0
Miracema do Tocantins;20684.0;18566.0;-2118.0
Aiuaba;16203.0;14076.0;-2127.0
Barro;21520.0;19381.0;-2139.0
Rio Formoso;22151.0;20009.0;-2142.0
Queluz;11309.0;9159.0;-2150.0
Coroatá;61725.0;59566.0;-2159.0
Clevelândia;17240.0;15070.0;-2170.0
Rio Real;37539.0;35362.0;-2177.0
Pojuca;34335.0;32136.0;-2199.0
Itajuípe;20981.0;18781.0;-2200.0
São José do Rio Claro;17124.0;14911.0;-2213.0
Tacima;10229.0;8010.0;-2219.0
Pedro Alexandre;16186.0;13954.0;-2232.0
Poá;106013.0;103765.0;-2248.0
Urupá;12974.0;10725.0;-2249.0
Rosana;19691.0;17440.0;-2251.0
São Vicente;338473.0;336221.0;-2252.0
Jequiá da Praia;11724.0;9470.0;-2254.0
Santo Amaro;58270.0;56012.0;-2258.0
São Domingos;42546.0;40285.0;-2261.0
Guajará-Mirim;41656.0;39387.0;-2269.0
Pedro Canário;23794.0;21522.0;-2272.0
Governador Nunes Freire;25401.0;23128.0;-2273.0
Tupanciretã;22281.0;20005.0;-2276.0
Mesquita;174445.0;172167.0;-2278.0
Guaíba;95204.0;92924.0;-2280.0
Machados;13627.0;11333.0;-2294.0
Cortês;12501.0;10198.0;-2303.0
Nova Canaã;16036.0;13715.0;-2321.0
Piratini;19841.0;17504.0;-2337.0
João Alfredo;30069.0;27725.0;-2344.0
Alagoa Grande;28410.0;26062.0;-2348.0
Caetanos;13615.0;11266.0;-2349.0
Itinga do Maranhão;24863.0;22513.0;-2350.0
Riacho de Santana;37189.0;34838.0;-2351.0
Aurelino Leal;13552.0;11179.0;-2373.0
Itaqui;38159.0;35768.0;-2391.0
Araci;50689.0;48294.0;-2395.0
Rafael Jambeiro;22062.0;19662.0;-2400.0
Maracanã;28376.0;25971.0;-2405.0
Cabo Verde;13823.0;11410.0;-2413.0
Traipu;25992.0;23565.0;-2427.0
Porto Murtinho;15290.0;12859.0;-2431.0
Itapetinga;68343.0;65897.0;-2446.0
Bom Lugar;14666.0;12212.0;-2454.0
Joaquim Nabuco;15732.0;13269.0;-2463.0
Berilo;12300.0;9826.0;-2474.0
Xexéu;14093.0;11611.0;-2482.0
Governador Jorge Teixeira;10512.0;8001.0;-2511.0
São Miguel dos Campos;54502.0;51990.0;-2512.0
Santo Anastácio;20475.0;17963.0;-2512.0
Cacequi;13676.0;11157.0;-2519.0
Theobroma;10649.0;8113.0;-2536.0
Estreito;35835.0;33294.0;-2541.0
Monte Negro;14091.0;11548.0;-2543.0
Babaçulândia;10424.0;7880.0;-2544.0
Assaí;16354.0;13797.0;-2557.0
Porecatu;14189.0;11624.0;-2565.0
Novo Horizonte do Oeste;10240.0;7667.0;-2573.0
São Sepé;23798.0;21219.0;-2579.0
Santa Quitéria;42763.0;40183.0;-2580.0
Pelotas;328275.0;325685.0;-2590.0
Ibicaraí;24272.0;21665.0;-2607.0
Ladainha;16994.0;14383.0;-2611.0
Cachoeira;31865.0;29250.0;-2615.0
Pontal;40244.0;37607.0;-2637.0
Mirante da Serra;11878.0;9235.0;-2643.0
Pancas;21548.0;18893.0;-2655.0
Peri Mirim;13787.0;11108.0;-2679.0
Cantagalo;36977.0;34297.0;-2680.0
Sirinhaém;40296.0;37596.0;-2700.0
Flexeiras;12325.0;9618.0;-2707.0
Cedro;35570.0;32862.0;-2708.0
Presidente Venceslau;37910.0;35201.0;-2709.0
Icó;65357.0;62642.0;-2715.0
Inhapi;17886.0;15167.0;-2719.0
Guaratinga;21808.0;19049.0;-2759.0
Aurora do Pará;26546.0;23774.0;-2772.0
Caraí;22343.0;19548.0;-2795.0
Gongogi;8360.0;5555.0;-2805.0
Penalva;35320.0;32511.0;-2809.0
Tuntum;39111.0;36251.0;-2860.0
Antas;17072.0;14206.0;-2866.0
Maraial;12230.0;9359.0;-2871.0
Poção de Pedras;20034.0;17161.0;-2873.0
Mata Grande;24719.0;21844.0;-2875.0
Catu;51028.0;48148.0;-2880.0
Francisco Badaró;10248.0;7366.0;-2882.0
Ouro Preto do Oeste;37928.0;35044.0;-2884.0
Alta Floresta D'Oeste;24392.0;21494.0;-2898.0
Laranjeiras;26902.0;23975.0;-2927.0
Colorado do Oeste;18591.0;15663.0;-2928.0
Monção;30685.0;27751.0;-2934.0
Centro Novo do Maranhão;19203.0;16267.0;-2936.0
Rio Pardo;37591.0;34654.0;-2937.0
Encruzilhada;22108.0;19107.0;-3001.0
Guiratinga;13970.0;10966.0;-3004.0
Buritizeiro;26922.0;23910.0;-3012.0
Panelas;26037.0;22991.0;-3046.0
União dos Palmares;62326.0;59280.0;-3046.0
Caatiba;9252.0;6205.0;-3047.0
Alcântara;21521.0;18467.0;-3054.0
Rosário do Sul;39700.0;36630.0;-3070.0
Ipirá;59970.0;56876.0;-3094.0
Buritis;55120.0;52022.0;-3098.0
Teotônio Vilela;41152.0;38053.0;-3099.0
Ubaitaba;20711.0;17596.0;-3115.0
Guarujá;290752.0;287634.0;-3118.0
São Félix;14230.0;11026.0;-3204.0
Satubinha;11990.0;8784.0;-3206.0
Itororó;19914.0;16617.0;-3297.0
Sanharó;21955.0;18624.0;-3331.0
Anadia;17318.0;13966.0;-3352.0
São João do Carú;15668.0;12251.0;-3417.0
Palmital;36051.0;32627.0;-3424.0
Umburanas;17089.0;13642.0;-3447.0
Araioses;42505.0;39052.0;-3453.0
Simões Filho;118047.0;114559.0;-3488.0
Itararé;47934.0;44438.0;-3496.0
Cataguases;69757.0;66261.0;-3496.0
Camamu;33972.0;30469.0;-3503.0
Araguanã;19003.0;15491.0;-3512.0
Buerarema;18377.0;14804.0;-3573.0
Caridade;19956.0;16377.0;-3579.0
Canguçu;53259.0;49680.0;-3579.0
Eldorado do Carajás;31786.0;28192.0;-3594.0
Escada;63489.0;59891.0;-3598.0
Piripá;12757.0;9152.0;-3605.0
Coaraci;20964.0;17333.0;-3631.0
Além Paraíba;34349.0;30717.0;-3632.0
Nova Olinda do Norte;30696.0;27062.0;-3634.0
Salgadinho;12748.0;9082.0;-3666.0
Amaraji;21890.0;18205.0;-3685.0
Macaúbas;45569.0;41859.0;-3710.0
Alvorada D'Oeste;16853.0;13117.0;-3736.0
Novo Cruzeiro;30725.0;26975.0;-3750.0
Cachoeira do Sul;83827.0;80070.0;-3757.0
Cachoeiro de Itapemirim;189546.0;185786.0;-3760.0
Codó;118038.0;114275.0;-3763.0
Ipiaú;44485.0;40706.0;-3779.0
Magalhães de Almeida;17587.0;13807.0;-3780.0
Ilhéus;182438.0;178649.0;-3789.0
São Bento do Una;53242.0;49449.0;-3793.0
Campo Novo de Rondônia;12665.0;8844.0;-3821.0
Santos Dumont;46284.0;42406.0;-3878.0
Ministro Andreazza;10352.0;6466.0;-3886.0
Cruz Alta;62821.0;58913.0;-3908.0
Itamaraju;63513.0;59605.0;-3908.0
Cotriguaçu;14983.0;11011.0;-3972.0
Santa Isabel do Rio Negro;18146.0;14164.0;-3982.0
Bom Jardim;102882.0;98831.0;-4051.0
Minaçu;31150.0;27075.0;-4075.0
Cajueiro;20106.0;16024.0;-4082.0
Nova Brasilândia D'Oeste;19874.0;15679.0;-4195.0
Colônia Leopoldina;20019.0;15816.0;-4203.0
Careiro da Várzea;23930.0;19637.0;-4293.0
Olindina;26942.0;22633.0;-4309.0
Rurópolis;40087.0;35769.0;-4318.0
Vicência;30732.0;26359.0;-4373.0
Iguaí;25928.0;21491.0;-4437.0
Novo Triunfo;15105.0;10660.0;-4445.0
Esteio;80755.0;76137.0;-4618.0
Mombaça;42375.0;37735.0;-4640.0
Presidente Médici;28693.0;24023.0;-4670.0
Piritiba;22237.0;17566.0;-4671.0
Boca da Mata;25916.0;21187.0;-4729.0
Ituberá;26691.0;21902.0;-4789.0
Nova Olinda do Maranhão;19134.0;14314.0;-4820.0
Laranjal do Jari;39942.0;35114.0;-4828.0
Chapada do Norte;15189.0;10337.0;-4852.0
Palmares;59526.0;54584.0;-4942.0
Jaguaquara;50907.0;45964.0;-4943.0
Una;23089.0;18131.0;-4958.0
Coelho Neto;46750.0;41658.0;-5092.0
Mundo Novo;47846.0;42687.0;-5159.0
Alegrete;77653.0;72409.0;-5244.0
Placas;23934.0;18668.0;-5266.0
Rio Grande;197228.0;191900.0;-5328.0
Alto Alegre do Pindaré;31052.0;25710.0;-5342.0
Coari;75965.0;70616.0;-5349.0
Ulianópolis;43341.0;37972.0;-5369.0
Joaquim Gomes;22575.0;17150.0;-5425.0
Parintins;102033.0;96372.0;-5661.0
Catende;37820.0;32156.0;-5664.0
Manaquiri;22801.0;17107.0;-5694.0
Nanuque;40834.0;35038.0;-5796.0
Niterói;487562.0;481749.0;-5813.0
Tucuruí;97128.0;91306.0;-5822.0
Paracambi;47281.0;41375.0;-5906.0
Arame;31471.0;25517.0;-5954.0
Vargem Grande;49412.0;43261.0;-6151.0
Valença;159922.0;153743.0;-6179.0
Cubatão;118720.0;112476.0;-6244.0
Quipapá;24186.0;17928.0;-6258.0
Acopiara;51271.0;44962.0;-6309.0
Minas Novas;30794.0;24405.0;-6389.0
Governador Valadares;263689.0;257171.0;-6518.0
Água Preta;33095.0;26461.0;-6634.0
Atalaia;48239.0;41492.0;-6747.0
Breu Branco;52493.0;45712.0;-6781.0
Maragogipe;42661.0;35859.0;-6802.0
Tailândia;79297.0;72493.0;-6804.0
Cachoeira do Piriá;26484.0;19630.0;-6854.0
Barcelos;25718.0;18834.0;-6884.0
Água Azul do Norte;25057.0;18080.0;-6977.0
Barra Mansa;176947.0;169894.0;-7053.0
Niquelândia;42361.0;34964.0;-7397.0
Corumbá;103675.0;96268.0;-7407.0
Goianésia do Pará;33864.0;26362.0;-7502.0
Timbaúba;53825.0;46147.0;-7678.0
Zé Doca;48490.0;40801.0;-7689.0
Alvorada;204047.0;196117.0;-7930.0
Ubatã;24272.0;16094.0;-8178.0
Uruguaiana;125435.0;117210.0;-8225.0
Catarina;18705.0;10243.0;-8462.0
Camacan;31173.0;22579.0;-8594.0
Maranguape;114005.0;105093.0;-8912.0
Bayeux;92350.0;82742.0;-9608.0
Gameleira;27912.0;18214.0;-9698.0
Buriticupu;65237.0;55499.0;-9738.0
Candeias;96229.0;86383.0;-9846.0
Nilópolis;157425.0;146774.0;-10651.0
Ribeirão;44497.0;33507.0;-10990.0
Novo Hamburgo;238940.0;227646.0;-11294.0
Ipatinga;239468.0;227731.0;-11737.0
Jacundá;51360.0;37707.0;-13653.0
Viamão;239384.0;224112.0;-15272.0
Petrópolis;295774.0;278881.0;-16893.0
Ipixuna do Pará;47881.0;30329.0;-17552.0
São João de Meriti;458673.0;440962.0;-17711.0
Itabuna;204478.0;186708.0;-17770.0
Campo Alegre;62869.0;44607.0;-18262.0
Santana do Araguaia;56153.0;32413.0;-23740.0
São Félix do Xingu;91340.0;65418.0;-25922.0
Olinda;377779.0;349976.0;-27803.0
Fortaleza;2459712.0;2428708.0;-31004.0
Duque de Caxias;855088.0;808161.0;-46927.0
Recife;1537704.0;1488920.0;-48784.0
Natal;803739.0;751300.0;-52439.0
Belo Horizonte;2375609.0;2315560.0;-60049.0
Porto Alegre;1409351.0;1332845.0;-76506.0
Belém;1415329.0;1324526.0;-90803.0
São Gonçalo;999728.0;896744.0;-102984.0
Rio de Janeiro;6320446.0;6211223.0;-109223.0
Salvador;2675656.0;2417678.0;-257978.0
